"","Date","Value","SP500","SP500.Returns","rank","lag_preds"
"1",1999-01-08,8.93,1275.089966,0.0042213589380633,4,NA
"2",1999-01-15,9.77,1243.26001,0.0256313535932897,4,8.93
"3",1999-01-22,10.21,1225.189941,-0.00807190382262635,4,9.77
"4",1999-01-29,10.16,1279.640015,0.011277349752552,4,10.21
"5",1999-02-05,9.74,1239.400024,-0.00728076802602162,4,10.16
"6",1999-02-12,9.52,1230.130005,-0.0190664039874407,4,9.74
"7",1999-02-19,9.28,1239.219971,0.00156790860155387,4,9.52
"8",1999-02-26,9.09,1238.329956,-0.0053734589745793,4,9.28
"9",1999-03-05,8.79,1275.469971,0.0231261275533499,4,9.09
"10",1999-03-12,8.67,1294.589966,-0.00238124026833497,4,8.79
"11",1999-03-19,8.44,1299.290039,-0.013110029514723,4,8.67
"12",1999-03-26,8.1,1282.800049,-0.00557364092414403,4,8.44
"13",1999-04-09,6.99,1348.349976,0.00325153355334939,4,8.1
"14",1999-04-16,6.56,1319,-0.00291036479559192,4,6.99
"15",1999-04-23,6.37,1356.849976,-0.00144976529509977,4,6.56
"16",1999-04-30,6.24,1335.180054,-0.00569685086769101,4,6.37
"17",1999-05-07,6.03,1345,0.00972182014461231,4,6.24
"18",1999-05-14,5.99,1337.800049,-0.0217613916143188,4,6.03
"19",1999-05-21,6.25,1330.290039,-0.00637864200881388,4,5.99
"20",1999-05-28,6.52,1301.839966,0.0159433213865408,4,6.25
"21",1999-06-04,6.23,1327.75,0.0217076505174152,4,6.52
"22",1999-06-11,6.08,1293.640015,-0.00704620084163199,4,6.23
"23",1999-06-18,6.03,1342.839966,0.00219415027042347,4,6.08
"24",1999-06-25,5.84,1315.310059,-0.000357179763822102,4,6.03
"25",1999-07-02,5.89,1391.219971,0.00742962163259997,4,5.84
"26",1999-07-09,5.85,1403.280029,0.00635388528594616,4,5.89
"27",1999-07-16,5.98,1418.780029,0.00649822933307642,4,5.85
"28",1999-07-23,5.99,1356.939941,-0.00296114542265669,4,5.98
"29",1999-07-30,6.02,1328.719971,-0.00917955432301509,4,5.99
"30",1999-08-06,5.78,1300.290039,-0.0102152852596054,4,6.02
"31",1999-08-13,5.8,1327.680054,0.0227398927919853,4,5.78
"32",1999-08-20,5.86,1336.609985,0.00983689763027407,4,5.8
"33",1999-08-27,5.9,1348.27002,-0.0100880242429349,4,5.86
"34",1999-09-03,5.66,1357.23999,0.0289058573080243,4,5.9
"35",1999-09-10,5.62,1351.660034,0.00296810760806454,4,5.66
"36",1999-09-17,5.59,1335.420044,0.0128481768832014,4,5.62
"37",1999-09-24,5.54,1277.359985,-0.00238208770550763,4,5.59
"38",1999-10-01,5.47,1282.810059,7.80363472985268e-05,4,5.54
"39",1999-10-08,5.39,1336.02002,0.0139491855064831,4,5.47
"40",1999-10-15,5.27,1247.410034,-0.0280578522739668,4,5.39
"41",1999-10-22,5.28,1301.650024,0.0140541435566972,4,5.27
"42",1999-10-29,5.15,1362.930054,0.0152633368348207,4,5.28
"43",1999-11-05,5.3,1370.22998,0.00557004411763162,4,5.15
"44",1999-11-12,5.22,1396.060059,0.0105686001854381,4,5.3
"45",1999-11-19,5.07,1422,-0.00206320344837618,4,5.22
"46",1999-11-26,4.95,1416.619995,-0.000324583660965994,4,5.07
"47",1999-12-03,4.85,1433.300049,0.0172174028618928,4,4.95
"48",1999-12-10,4.83,1417.040039,0.00634187250650031,4,4.85
"49",1999-12-17,4.69,1421.030029,0.00158586951747974,4,4.83
"50",1999-12-31,4.53,1469.25,0.00326399932716681,4,4.69
"51",2000-01-07,4.48,1441.469971,0.027090399606277,4,4.53
"52",2000-01-14,4.43,1465.150024,0.0106712994755738,3,4.48
"53",2000-01-21,4.34,1441.359985,-0.00291231912481948,3,4.43
"54",2000-01-28,4.3,1360.160034,-0.0274568294388849,3,4.34
"55",2000-02-04,4.3,1424.369995,-0.000421044662140435,3,4.3
"56",2000-02-11,4.11,1387.119995,-0.0209693201884842,3,4.3
"57",2000-02-18,4.01,1346.089966,-0.0303761857982209,3,4.11
"58",2000-02-25,4.04,1333.359985,-0.0148290404374306,3,4.01
"59",2000-03-03,3.96,1409.170044,0.0198370439161863,3,4.04
"60",2000-03-10,3.85,1395.069946,-0.00472286688115719,3,3.96
"61",2000-03-17,3.91,1464.469971,0.00411390026486869,3,3.85
"62",2000-03-24,3.91,1527.459961,7.20103458462518e-05,3,3.91
"63",2000-03-31,3.92,1498.579956,0.00716430432064263,3,3.91
"64",2000-04-07,4.15,1516.349976,0.00999774224354466,3,3.92
"65",2000-04-14,4.17,1356.560059,-0.0582779365760882,3,4.15
"66",2000-04-28,4.13,1452.430054,-0.00852605577427679,3,4.17
"67",2000-05-05,4.06,1432.630005,0.0163596415101206,3,4.13
"68",2000-05-12,4.21,1420.959961,0.00934067910364322,3,4.06
"69",2000-05-19,4.27,1406.949951,-0.0210546898651782,3,4.21
"70",2000-05-26,4.39,1378.02002,-0.0025334413901581,3,4.27
"71",2000-06-02,4.52,1477.26001,0.0196367707576774,4,4.39
"72",2000-06-09,4.51,1456.949951,-0.00322924658637935,4,4.52
"73",2000-06-16,4.49,1464.459961,-0.00965018576278542,4,4.51
"74",2000-06-23,4.41,1441.47998,-0.00736828327212369,3,4.49
"75",2000-06-30,4.44,1454.599976,0.00846508979750538,3,4.41
"76",2000-07-07,4.44,1478.900024,0.0152608204524869,4,4.44
"77",2000-07-14,4.36,1509.97998,0.00945289223539847,3,4.44
"78",2000-07-21,4.3,1480.189941,-0.0102837082552607,3,4.36
"79",2000-07-28,4.3,1419.890015,-0.0205088092759096,3,4.3
"80",2000-08-04,4.32,1462.930054,0.00713911616648688,3,4.3
"81",2000-08-11,4.3,1471.839966,0.00793697380585523,3,4.32
"82",2000-08-18,4.22,1491.719971,-0.00290760135355339,3,4.3
"83",2000-08-25,4.26,1506.449951,-0.00123323980298395,3,4.22
"84",2000-09-01,4.25,1520.77002,0.00203597984427351,3,4.26
"85",2000-09-08,4.26,1494.5,-0.00533108594730758,3,4.25
"86",2000-09-15,4.28,1465.810059,-0.0101696543591594,3,4.26
"87",2000-09-22,4.37,1448.719971,-0.000227789233524178,3,4.28
"88",2000-09-29,4.42,1436.51001,-0.0149353204215366,3,4.37
"89",2000-10-06,4.5,1408.98999,-0.019000500215129,4,4.42
"90",2000-10-13,4.65,1374.170044,0.0333814721472252,4,4.5
"91",2000-10-20,4.94,1396.930054,0.00588297757796186,4,4.65
"92",2000-10-27,5.05,1379.579956,0.0110961388222803,4,4.94
"93",2000-11-03,5.08,1426.689941,-0.00114120439511101,4,5.05
"94",2000-11-10,5.11,1365.97998,-0.0243975849800993,4,5.08
"95",2000-11-17,5.16,1367.719971,-0.00335196978912089,4,5.11
"96",2000-11-24,5.19,1341.77002,0.0146783290633223,4,5.16
"97",2000-12-01,5.29,1315.22998,0.000212957915080469,4,5.19
"98",2000-12-08,5.43,1369.890015,0.0196047523645322,4,5.29
"99",2000-12-15,5.43,1312.150024,-0.0214627376828113,4,5.43
"100",2000-12-22,5.5,1305.949951,0.0243869651301354,4,5.43
"101",2000-12-29,5.47,1320.280029,-0.0104480088013913,4,5.5
"102",2001-01-05,5.54,1298.349976,-0.0262423619573705,4,5.47
"103",2001-01-12,5.46,1318.550049,-0.00623287057519117,4,5.54
"104",2001-01-19,5.34,1342.540039,-0.00402822920155388,4,5.46
"105",2001-01-26,5.28,1354.949951,-0.00188584907745903,4,5.34
"106",2001-02-02,5.16,1349.469971,-0.0174739896078878,4,5.28
"107",2001-02-09,5.1,1314.76001,-0.0133355486280002,4,5.16
"108",2001-02-16,5.06,1301.530029,-0.0189052971736829,4,5.1
"109",2001-02-23,5.12,1245.859985,-0.00555543597643204,4,5.06
"110",2001-03-02,5.21,1234.180054,-0.00567979029961885,4,5.12
"111",2001-03-09,5.15,1233.420044,-0.0247639406104333,4,5.21
"112",2001-03-16,5.26,1150.530029,-0.0196240744761065,4,5.15
"113",2001-03-23,5.47,1139.829956,0.0199090900660355,4,5.26
"114",2001-03-30,5.46,1160.329956,0.0107844466470124,4,5.47
"115",2001-04-06,5.21,1128.430054,-0.0199835755046126,4,5.46
"116",2001-04-20,5.17,1242.97998,-0.00854275100225921,4,5.21
"117",2001-04-27,5.35,1253.050049,0.0150099056311781,4,5.17
"118",2001-05-04,5.29,1266.609985,0.0144404280345503,4,5.35
"119",2001-05-11,5.27,1245.670044,-0.00757661020002154,4,5.29
"120",2001-05-18,5.18,1291.959961,0.00269305235347628,4,5.27
"121",2001-05-25,4.97,1277.890015,-0.0118159472305253,4,5.18
"122",2001-06-01,4.9,1260.670044,0.00386209664486392,4,4.97
"123",2001-06-08,4.8,1264.959961,-0.00939731891875661,4,4.9
"124",2001-06-15,4.75,1214.359985,-0.00451688296505726,4,4.8
"125",2001-06-22,4.82,1225.349976,-0.00945002799541561,4,4.75
"126",2001-06-29,4.8,1224.380005,-0.00148421633724238,4,4.82
"127",2001-07-06,4.72,1190.589966,-0.0234982646853635,4,4.8
"128",2001-07-13,4.89,1215.680054,0.0062410307633094,4,4.72
"129",2001-07-20,5.39,1210.849976,-0.00343207842781057,4,4.89
"130",2001-07-27,5.37,1205.819946,0.00240237742035854,4,5.39
"131",2001-08-03,5.42,1214.349976,-0.00524269834118374,4,5.37
"132",2001-08-10,5.39,1190.160034,0.00568684222379923,4,5.42
"133",2001-08-17,5.33,1161.969971,-0.016663052344546,4,5.39
"134",2001-08-24,5.31,1184.930054,0.0196543199478929,4,5.33
"135",2001-08-31,5.28,1133.579956,0.0040299432992319,4,5.31
"136",2001-09-07,5.09,1085.780029,-0.0186370160454733,4,5.28
"137",2001-09-21,5.64,965.7999878,-0.0190342602827246,4,5.09
"138",2001-09-28,5.86,1040.939941,0.0219219881297354,4,5.64
"139",2001-10-05,5.91,1071.380005,0.00163607975825242,4,5.86
"140",2001-10-12,5.94,1091.650024,-0.0052668778105105,4,5.91
"141",2001-10-19,5.94,1073.47998,0.00455731751374189,4,5.94
"142",2001-10-26,5.92,1104.609985,0.00410877213655092,4,5.94
"143",2001-11-02,6.04,1087.199951,0.00285949180760814,4,5.92
"144",2001-11-09,6.1,1120.310059,0.00158243776555578,4,6.04
"145",2001-11-16,5.84,1138.650024,-0.00314291745292516,4,6.1
"146",2001-11-23,5.57,1150.339966,0.011705879933273,4,5.84
"147",2001-11-30,5.62,1139.449951,-0.000657779365226485,4,5.57
"148",2001-12-07,5.66,1158.310059,-0.00753141734277618,4,5.62
"149",2001-12-14,5.81,1123.089966,0.0033142998654867,4,5.66
"150",2001-12-21,5.84,1144.890015,0.00435110994976884,4,5.81
"151",2001-12-28,5.95,1161.02002,0.00336177869659515,4,5.84
"152",2002-01-04,6,1172.51001,0.00621314362828973,4,5.95
"153",2002-01-11,6.09,1145.599976,-0.00946787647405989,4,6
"154",2002-01-18,6.24,1127.579956,-0.0099220716409012,4,6.09
"155",2002-01-25,6.22,1133.280029,0.000998105353571033,4,6.24
"156",2002-02-01,6.09,1122.199951,-0.00707839351162742,4,6.22
"157",2002-02-08,5.99,1096.219971,0.014858704043083,4,6.09
"158",2002-02-15,5.95,1104.180054,-0.0110167008995541,4,5.99
"159",2002-02-22,5.97,1089.839966,0.00822426143946409,4,5.95
"160",2002-03-01,5.82,1131.780029,0.0226342915188762,4,5.97
"161",2002-03-08,5.54,1164.310059,0.00584862706420819,4,5.82
"162",2002-03-15,5.48,1166.160034,0.0113786118055177,4,5.54
"163",2002-03-22,5.49,1148.699951,-0.00423895417273412,4,5.48
"164",2002-04-05,5.26,1122.72998,-0.00320505895996936,4,5.49
"165",2002-04-12,5.28,1111.01001,0.00663235998451484,4,5.26
"166",2002-04-19,5.33,1125.170044,0.000622580431718811,4,5.28
"167",2002-04-26,5.41,1076.319946,-0.0138894292866462,4,5.33
"168",2002-05-03,4.86,1073.430054,-0.010262230208129,4,5.41
"169",2002-05-10,4.76,1054.98999,-0.0167938973840513,4,4.86
"170",2002-05-17,4.84,1106.589966,0.00761223619118456,4,4.76
"171",2002-05-24,4.69,1083.819946,-0.0120866395630329,4,4.84
"172",2002-05-31,4.72,1067.140015,0.00232936422970864,4,4.69
"173",2002-06-07,4.69,1027.530029,-0.00157410966547289,4,4.72
"174",2002-06-14,4.87,1007.27002,-0.00226829312228738,4,4.69
"175",2002-06-21,5.05,989.1400146,-0.0170427647844467,4,4.87
"176",2002-06-28,5.38,989.8200073,-0.000827755075420655,4,5.05
"177",2002-07-05,5.47,989.0300293,0.0367299861213994,4,5.38
"178",2002-07-12,5.55,921.3900146,-0.00644832217086688,4,5.47
"179",2002-07-19,5.59,847.75,-0.038352463464819,4,5.55
"180",2002-07-26,5.71,852.8400269,0.0168837152707244,4,5.59
"181",2002-08-02,5.88,864.2399902,-0.0230822954817825,4,5.71
"182",2002-08-09,5.95,908.6400146,0.00351201877800844,4,5.88
"183",2002-08-16,5.95,928.7700195,-0.00159094920720237,4,5.95
"184",2002-08-23,5.87,940.8599854,-0.0226862226272234,4,5.95
"185",2002-08-30,5.81,916.0700073,-0.00188492103181093,4,5.87
"186",2002-09-06,5.79,893.9199829,0.0168002708184876,4,5.81
"187",2002-09-13,5.73,889.8099976,0.0032698070694408,4,5.79
"188",2002-09-20,5.76,845.3900146,0.0024545928972175,4,5.73
"189",2002-09-27,5.88,827.3699951,-0.0322592159850723,4,5.76
"190",2002-10-04,5.84,800.5800171,-0.022431155536162,4,5.88
"191",2002-10-11,5.94,835.3200073,0.0390586439793796,4,5.84
"192",2002-10-18,5.89,884.3900146,0.00590309636940667,4,5.94
"193",2002-10-25,5.84,897.6500244,0.0171671664589235,4,5.89
"194",2002-11-01,5.9,900.960022,0.0171604182078982,4,5.84
"195",2002-11-08,5.86,894.7399902,-0.00876312411918223,4,5.9
"196",2002-11-15,5.8,909.8300171,0.00614860327125988,4,5.86
"197",2002-11-22,5.64,930.5499878,-0.0034377377123781,4,5.8
"198",2002-11-29,5.43,936.3099976,-0.00272667942671589,4,5.64
"199",2002-12-06,5.35,912.2299805,0.00626550413814919,4,5.43
"200",2002-12-13,5.38,889.4799805,-0.0134209236789882,4,5.35
"201",2002-12-20,5.32,895.7600098,0.013016691885779,4,5.38
"202",2002-12-27,5.34,875.4000244,-0.0160285380158349,4,5.32
"203",2003-01-03,5.21,908.5900269,-0.000484035054748255,4,5.34
"204",2003-01-10,4.99,927.5700073,0,4,5.21
"205",2003-01-17,4.93,901.7800293,-0.0140169982965391,4,4.99
"206",2003-01-24,5.02,861.4000244,-0.0292334411991124,4,4.93
"207",2003-01-31,4.97,855.7000122,0.0131303524605475,4,5.02
"208",2003-02-07,4.64,829.6900024,-0.010093684607426,4,4.97
"209",2003-02-14,4.62,834.8900146,0.0214346252064912,4,4.64
"210",2003-02-21,4.62,848.1699829,0.0132242356022834,4,4.62
"211",2003-02-28,4.6,841.1500244,0.00462210367448446,4,4.62
"212",2003-03-07,4.56,828.8900146,0.00825938353184408,4,4.6
"213",2003-03-14,4.59,833.2700195,0.00164682661355631,4,4.56
"214",2003-03-21,4.56,895.789978,0.0229766869858523,4,4.59
"215",2003-03-28,4.6,863.5,-0.00577996981910678,4,4.56
"216",2003-04-04,4.53,878.8499756,0.00273827755900857,4,4.6
"217",2003-04-11,4.34,868.2999878,-0.00376331402240437,3,4.53
"218",2003-04-25,4.15,898.8099976,-0.0138463680162805,3,4.34
"219",2003-05-02,4.01,930.0800171,0.0150387749464946,3,4.15
"220",2003-05-09,3.92,933.4099731,0.0142783675677485,3,4.01
"221",2003-05-16,3.88,944.2999878,-0.00250350718075987,3,3.92
"222",2003-05-23,3.92,933.2199707,0.00144867374966307,3,3.88
"223",2003-05-30,3.85,963.5900269,0.0146897899051526,3,3.92
"224",2003-06-06,3.64,987.7600098,-0.00240370529915557,3,3.85
"225",2003-06-13,3.55,988.6099854,-0.00991479735088785,3,3.64
"226",2003-06-20,3.47,995.6900024,0.000995265092849973,3,3.55
"227",2003-06-27,3.51,976.2199707,-0.00973812311467792,3,3.47
"228",2003-07-11,3.47,998.1400146,0.00954789347983787,3,3.51
"229",2003-07-18,3.36,993.3200073,0.0118057174887307,2,3.47
"230",2003-07-25,3.23,998.6799927,0.0174001808522457,2,3.36
"231",2003-08-01,3.13,980.1500244,-0.0102593866815669,2,3.23
"232",2003-08-08,3.25,977.5900269,0.00356222212607782,2,3.13
"233",2003-08-15,3.18,990.6699829,0.000161505788348615,2,3.25
"234",2003-08-22,3.09,993.0599976,-0.0101767442427912,2,3.18
"235",2003-08-29,3,1008.01001,0.0051553416904051,2,3.09
"236",2003-09-05,2.93,1021.390015,-0.00640092238647705,2,3
"237",2003-09-12,2.95,1018.630005,0.00217431970736848,2,2.93
"238",2003-09-19,2.93,1036.300049,-0.00315503101139059,2,2.95
"239",2003-09-26,2.95,996.8499756,-0.00639911915238933,2,2.93
"240",2003-10-03,2.9,1029.849976,0.00941933867932376,2,2.95
"241",2003-10-10,2.74,1038.060059,-0.000644942393980164,2,2.9
"242",2003-10-17,2.57,1039.319946,-0.0102374132703728,1,2.74
"243",2003-10-24,2.61,1028.910034,-0.00470122552015961,1,2.57
"244",2003-10-31,2.65,1050.709961,0.00360098975343215,1,2.61
"245",2003-11-07,2.57,1053.209961,-0.0045745359631848,1,2.65
"246",2003-11-14,2.55,1050.349976,-0.00761525093402504,1,2.57
"247",2003-11-21,2.63,1035.280029,0.00157694090084015,1,2.55
"248",2003-11-28,2.56,1058.199951,-0.000236194446193494,1,2.63
"249",2003-12-05,2.45,1061.5,-0.00768422692185111,1,2.56
"250",2003-12-12,2.43,1074.140015,0.00273527516236372,1,2.45
"251",2003-12-19,2.42,1088.660034,-0.000477441721495109,1,2.43
"252",2003-12-26,2.37,1095.890015,0.0016909582227822,1,2.42
"253",2004-01-02,2.36,1108.47998,-0.00309380518730884,1,2.37
"254",2004-01-09,2.32,1121.859985,-0.0088876056690802,1,2.36
"255",2004-01-16,2.35,1139.829956,0.0068724055149969,1,2.32
"256",2004-01-23,2.35,1141.550049,-0.00208917611348636,1,2.35
"257",2004-01-30,2.35,1131.130005,-0.00262759347806996,1,2.35
"258",2004-02-06,2.5,1142.76001,0.0125555289581583,1,2.35
"259",2004-02-13,2.52,1145.810059,-0.00546816370140224,1,2.5
"260",2004-02-20,2.5,1144.109985,-0.00257185661452786,1,2.52
"261",2004-02-27,2.51,1144.939941,2.61217031136685e-05,1,2.5
"262",2004-03-05,2.51,1156.859985,0.00172312901765204,1,2.51
"263",2004-03-12,2.54,1120.569946,0.0124594920749153,1,2.51
"264",2004-03-19,2.53,1109.780029,-0.0111732104955391,1,2.54
"265",2004-03-26,2.48,1108.060059,-0.00101865510877386,1,2.53
"266",2004-04-02,2.4,1141.810059,0.00851463528035179,1,2.48
"267",2004-04-16,2.25,1134.609985,0.00511145881948694,1,2.4
"268",2004-04-23,2.28,1140.599976,0.000587686935395126,1,2.25
"269",2004-04-30,2.38,1107.300049,-0.00591617297152991,1,2.28
"270",2004-05-07,2.57,1098.699951,-0.013725472524219,1,2.38
"271",2004-05-14,2.73,1095.699951,-0.000674902447757586,2,2.57
"272",2004-05-21,2.7,1093.560059,0.0040122643769438,2,2.73
"273",2004-05-28,2.66,1120.680054,-0.000535080429939661,1,2.7
"274",2004-06-04,2.66,1122.5,0.00524787301304097,1,2.66
"275",2004-06-18,2.61,1135.02002,0.00262353329927723,1,2.66
"276",2004-06-25,2.58,1134.430054,-0.00545300475091215,1,2.61
"277",2004-07-02,2.57,1125.380005,-0.00315334400946676,1,2.58
"278",2004-07-09,2.58,1112.810059,0.00333607491596055,1,2.57
"279",2004-07-16,2.54,1101.390015,-0.00478898904169234,1,2.58
"280",2004-07-23,2.45,1086.199951,-0.00970060841127296,1,2.54
"281",2004-07-30,2.42,1101.719971,0.00117219353952702,1,2.45
"282",2004-08-06,2.45,1063.969971,-0.0154806891445858,1,2.42
"283",2004-08-13,2.42,1064.800049,0.00147669744978396,1,2.45
"284",2004-08-20,2.34,1098.349976,0.00652474375749823,1,2.42
"285",2004-08-27,2.25,1107.77002,0.00242519078306414,1,2.34
"286",2004-09-03,2.24,1113.630005,-0.00418493418916832,1,2.25
"287",2004-09-10,2.2,1123.920044,0.00495362844045122,1,2.24
"288",2004-09-17,2.2,1128.550049,0.00449492567868259,1,2.2
"289",2004-09-24,2.16,1110.109985,0.00157890940099215,1,2.2
"290",2004-10-01,2.19,1131.5,0.0151806462236432,1,2.16
"291",2004-10-08,2.16,1122.140015,-0.00752665176611722,1,2.19
"292",2004-10-15,2.14,1108.199951,0.00445024592486143,1,2.16
"293",2004-10-22,2.11,1095.73999,-0.00971540646291791,1,2.14
"294",2004-10-29,2.1,1130.199951,0.002448032839383,1,2.11
"295",2004-11-05,2.05,1166.170044,0.00387373335762797,1,2.1
"296",2004-11-12,1.89,1184.170044,0.00910971144134898,1,2.05
"297",2004-11-19,1.84,1170.339966,-0.0111614063225812,1,1.89
"298",2004-11-26,1.82,1182.650024,0.000753125839822566,1,1.84
"299",2004-12-03,1.87,1191.170044,0.000705760613488149,1,1.82
"300",2004-12-10,1.91,1188,-0.00104267432177418,1,1.87
"301",2004-12-17,1.91,1194.199951,-0.00748831067897049,1,1.91
"302",2004-12-31,1.82,1211.920044,-0.00134317080811219,1,1.91
"303",2005-01-07,1.8,1186.189941,-0.00143117121832181,1,1.82
"304",2005-01-14,1.8,1184.52002,0.00600456010380346,1,1.8
"305",2005-01-21,1.79,1167.869995,-0.00641481592116477,1,1.8
"306",2005-01-28,1.79,1171.359985,-0.0027159881375135,1,1.79
"307",2005-02-04,1.78,1203.030029,0.0110430492182927,1,1.79
"308",2005-02-11,1.74,1205.300049,0.00692562211739567,1,1.78
"309",2005-02-18,1.7,1201.589966,0.000699534457630602,1,1.74
"310",2005-02-25,1.64,1211.369995,0.00930681924348775,1,1.7
"311",2005-03-04,1.6,1222.119995,0.00962438084306672,1,1.64
"312",2005-03-11,1.55,1200.079956,-0.00758324912135622,1,1.6
"313",2005-03-18,1.65,1189.650024,-0.000470452288543699,1,1.55
"314",2005-04-01,1.88,1172.920044,-0.00649668574262641,1,1.65
"315",2005-04-08,1.91,1181.199951,-0.0083450004825838,1,1.88
"316",2005-04-15,1.91,1142.619995,-0.0167204966917909,1,1.91
"317",2005-04-22,2,1152.119995,-0.00675025331330015,1,1.91
"318",2005-04-29,1.96,1156.849976,0.011922469293532,1,2
"319",2005-05-06,1.95,1171.349976,-0.0010915881348269,1,1.96
"320",2005-05-13,1.93,1154.050049,-0.00458005802227179,1,1.95
"321",2005-05-20,1.99,1189.280029,-0.00151117226927799,1,1.93
"322",2005-05-27,1.94,1198.780029,0.000968616092619667,1,1.99
"323",2005-06-03,1.94,1196.02002,-0.00686713227892111,1,1.94
"324",2005-06-10,1.93,1198.109985,-0.00234823751025881,1,1.94
"325",2005-06-17,1.88,1216.959961,0.00495474680686003,1,1.93
"326",2005-06-24,1.86,1191.569946,-0.00762872098854395,1,1.88
"327",2005-07-01,1.84,1194.439941,0.00261051523495825,1,1.86
"328",2005-07-08,1.79,1211.859985,0.0116790553719479,1,1.84
"329",2005-07-15,1.72,1227.920044,0.00115780187525472,1,1.79
"330",2005-07-22,1.69,1233.680054,0.00541140858403555,1,1.72
"331",2005-07-29,1.68,1234.180054,-0.00767047022034195,1,1.69
"332",2005-08-05,1.68,1226.420044,-0.00763835799732615,1,1.68
"333",2005-08-12,1.66,1230.390015,-0.00599449321489154,1,1.68
"334",2005-08-19,1.67,1219.709961,0.000565980040262204,1,1.66
"335",2005-08-26,1.69,1205.099976,-0.00599653491094532,1,1.67
"336",2005-09-02,1.72,1218.02002,-0.00292237665612916,1,1.69
"337",2005-09-09,1.69,1241.47998,0.00796474351859788,1,1.72
"338",2005-09-16,1.62,1237.910034,0.00829176949804533,1,1.69
"339",2005-09-23,1.6,1215.290039,0.000551649077701777,1,1.62
"340",2005-09-30,1.55,1228.810059,0.000920439324820999,1,1.6
"341",2005-10-07,1.56,1195.900024,0.00370127658395192,1,1.55
"342",2005-10-14,1.64,1186.569946,0.00826788712238558,1,1.56
"343",2005-10-21,1.68,1179.589966,0.0015197121120174,1,1.64
"344",2005-10-28,1.65,1198.410034,0.0165493337881211,1,1.68
"345",2005-11-04,1.62,1220.140015,0.000164003155627368,1,1.65
"346",2005-11-11,1.63,1234.719971,0.00305453476890127,1,1.62
"347",2005-11-18,1.62,1248.27002,0.00440132827835127,1,1.63
"348",2005-11-25,1.62,1268.25,0.00208596252501914,1,1.62
"349",2005-12-02,1.6,1265.079956,0.00032412564996287,1,1.62
"350",2005-12-09,1.62,1259.369995,0.00281089079466357,1,1.6
"351",2005-12-16,1.62,1267.319946,-0.00284828171908091,1,1.62
"352",2005-12-23,1.62,1268.660034,0.000425857964647891,1,1.62
"353",2005-12-30,1.63,1248.290039,-0.00488672437061277,1,1.62
"354",2006-01-06,1.65,1285.449951,0.00939941827746682,1,1.63
"355",2006-01-13,1.6,1287.609985,0.00120517388682861,1,1.65
"356",2006-01-20,1.64,1261.48999,-0.0183263153561551,1,1.6
"357",2006-01-27,1.56,1283.719971,0.00776399938894201,1,1.64
"358",2006-02-03,1.56,1264.030029,-0.00535861098343837,1,1.56
"359",2006-02-10,1.54,1266.98999,0.00253996813238144,1,1.56
"360",2006-02-17,1.5,1287.23999,-0.00165972404698489,1,1.54
"361",2006-02-24,1.49,1289.430054,0.00127351117055818,1,1.5
"362",2006-03-03,1.45,1287.22998,-0.00148163502627752,1,1.49
"363",2006-03-10,1.5,1281.420044,0.00722358704359394,1,1.45
"364",2006-03-17,1.53,1307.25,0.00147092617554234,1,1.5
"365",2006-03-24,1.51,1302.949951,0.000983280675390663,1,1.53
"366",2006-03-31,1.51,1294.869995,-0.00413766967890794,1,1.51
"367",2006-04-07,1.52,1295.5,-0.0103434872858003,1,1.51
"368",2006-04-21,1.52,1311.280029,-0.00013719976617721,1,1.52
"369",2006-04-28,1.5,1310.609985,0.000679545261358827,1,1.52
"370",2006-05-05,1.5,1325.76001,0.0102953019622785,1,1.5
"371",2006-05-12,1.48,1291.23999,-0.0112411583446068,1,1.5
"372",2006-05-19,1.54,1267.030029,0.0041368904636383,1,1.48
"373",2006-05-26,1.64,1280.160034,0.00571933644287226,1,1.54
"374",2006-06-02,1.66,1288.219971,0.00195223656667309,1,1.64
"375",2006-06-09,1.69,1252.300049,-0.00447561053342949,1,1.66
"376",2006-06-16,1.72,1251.540039,-0.00367787134994935,1,1.69
"377",2006-06-23,1.73,1244.5,-0.000883089291260575,1,1.72
"378",2006-06-30,1.81,1270.199951,-0.00209765648533489,1,1.73
"379",2006-07-07,1.77,1265.47998,-0.00674995000078316,1,1.81
"380",2006-07-14,1.75,1236.199951,-0.00489428941789738,1,1.77
"381",2006-07-21,1.76,1240.290039,-0.00707689829290425,1,1.75
"382",2006-07-28,1.72,1278.550049,0.012151756329509,1,1.76
"383",2006-08-04,1.73,1279.359985,-0.000710814895126477,1,1.72
"384",2006-08-11,1.69,1266.73999,-0.00398649858453426,1,1.73
"385",2006-08-18,1.67,1302.300049,0.00371494672310857,1,1.69
"386",2006-08-25,1.65,1295.089966,-0.000748493862814059,1,1.67
"387",2006-09-01,1.67,1311.01001,0.00551461420885491,1,1.65
"388",2006-09-08,1.66,1298.920044,0.00378666784459791,1,1.67
"389",2006-09-15,1.67,1319.660034,0.0025678464502481,1,1.66
"390",2006-09-22,1.7,1314.780029,-0.00246580117940542,1,1.67
"391",2006-09-29,1.73,1335.849976,-0.00226310721549694,1,1.7
"392",2006-10-06,1.74,1349.589966,-0.00268249440430401,1,1.73
"393",2006-10-13,1.66,1365.619995,0.00204723926687733,1,1.74
"394",2006-10-20,1.63,1368.599976,0.00119975350177781,1,1.66
"395",2006-10-27,1.61,1377.339966,-0.00845163012344263,1,1.63
"396",2006-11-03,1.63,1364.300049,-0.00222323421796333,1,1.61
"397",2006-11-10,1.61,1380.900024,0.00186462464144532,1,1.63
"398",2006-11-17,1.59,1401.199951,0.00102870562790258,1,1.61
"399",2006-11-24,1.61,1400.949951,-0.00365553778512628,1,1.59
"400",2006-12-01,1.65,1396.709961,-0.00279877197118872,1,1.61
"401",2006-12-08,1.65,1409.839966,0.0018119413406863,1,1.65
"402",2006-12-15,1.6,1427.089966,0.00112240423378918,1,1.65
"403",2006-12-22,1.56,1410.76001,-0.00531625096206989,1,1.6
"404",2006-12-29,1.53,1418.300049,-0.00451308745535073,1,1.56
"405",2007-01-05,1.57,1409.709961,-0.00608458141692103,1,1.53
"406",2007-01-12,1.56,1430.72998,0.00485316561227611,1,1.57
"407",2007-01-19,1.53,1430.5,0.00289546542234986,1,1.56
"408",2007-01-26,1.51,1422.180054,-0.00120792890723354,1,1.53
"409",2007-02-02,1.54,1448.390015,0.0016944507379093,1,1.51
"410",2007-02-09,1.54,1438.060059,-0.00707721384402815,1,1.54
"411",2007-02-16,1.53,1455.540039,-0.000871781459877985,1,1.54
"412",2007-02-23,1.52,1451.189941,-0.00356367430353444,1,1.53
"413",2007-03-02,1.63,1387.170044,-0.0114027519817833,1,1.52
"414",2007-03-09,1.71,1402.839966,0.000677621632107828,1,1.63
"415",2007-03-16,1.7,1386.949951,-0.00382830888110075,1,1.71
"416",2007-03-23,1.66,1436.109985,0.00109438980949905,1,1.7
"417",2007-03-30,1.62,1420.859985,-0.00117399560357534,1,1.66
"418",2007-04-13,1.57,1452.849976,0.00348800029637242,1,1.62
"419",2007-04-20,1.57,1484.349976,0.00926070467401496,1,1.57
"420",2007-04-27,1.55,1494.069946,-0.000120497908649764,1,1.57
"421",2007-05-04,1.59,1505.619995,0.00214989447996294,1,1.55
"422",2007-05-11,1.58,1505.849976,0.00964149817267757,1,1.59
"423",2007-05-18,1.55,1522.75,0.00661047760700706,1,1.58
"424",2007-05-25,1.51,1515.72998,0.00545268021139056,1,1.55
"425",2007-06-01,1.52,1536.339966,0.00373702879792837,1,1.51
"426",2007-06-08,1.54,1507.670044,0.0113703937223231,1,1.52
"427",2007-06-15,1.57,1532.910034,0.00652676230607052,1,1.54
"428",2007-06-22,1.57,1502.560059,-0.0128958163966741,1,1.57
"429",2007-06-29,1.63,1503.349976,-0.0015673569685577,1,1.57
"430",2007-07-06,1.69,1530.439941,0.00330399693241379,1,1.63
"431",2007-07-13,1.71,1552.5,0.00310140799377723,1,1.69
"432",2007-07-20,1.77,1534.099976,-0.0122208646932019,1,1.71
"433",2007-07-27,1.96,1458.949951,-0.0159915843526406,1,1.77
"434",2007-08-03,2.23,1433.060059,-0.0265859892016802,1,1.96
"435",2007-08-10,2.22,1453.640015,0.000378537470404616,1,2.23
"436",2007-08-17,2.36,1445.939941,0.0245664688604383,1,2.22
"437",2007-08-24,2.54,1479.369995,0.0115350393162392,1,2.36
"438",2007-08-31,2.53,1473.98999,0.0112167440738105,1,2.54
"439",2007-09-07,2.6,1453.550049,-0.0169084570501408,1,2.53
"440",2007-09-14,2.64,1484.25,0.000202196172315539,1,2.6
"441",2007-09-21,2.53,1525.75,0.00460905349794238,1,2.64
"442",2007-09-28,2.48,1526.75,-0.00302342004263012,1,2.53
"443",2007-10-05,2.58,1557.589966,0.00956029162132821,1,2.48
"444",2007-10-12,2.48,1561.800049,0.00475422497176181,1,2.58
"445",2007-10-19,2.48,1500.630005,-0.0256155213541394,1,2.48
"446",2007-10-26,2.57,1535.280029,0.0137876417519127,1,2.48
"447",2007-11-02,2.62,1509.650024,0.000802208273004146,1,2.57
"448",2007-11-09,2.77,1453.699951,-0.0142870201551831,2,2.62
"449",2007-11-16,2.91,1458.73999,0.0052303110460481,2,2.77
"450",2007-11-23,3.16,1440.699951,0.0168904837497903,2,2.91
"451",2007-11-30,3.31,1481.140015,0.00777021760970542,2,3.16
"452",2007-12-07,3.37,1504.660034,-0.00177792141152577,2,3.31
"453",2007-12-14,3.3,1467.949951,-0.0137462678513494,2,3.37
"454",2007-12-21,3.32,1484.459961,0.0166698395223333,2,3.3
"455",2007-12-28,3.28,1478.48999,0.00150376961526333,2,3.32
"456",2008-01-04,3.46,1411.630005,-0.0245515548835286,3,3.28
"457",2008-01-11,3.54,1401.02002,-0.0135953874086988,3,3.46
"458",2008-01-18,3.69,1325.189941,-0.00604542208888048,3,3.54
"459",2008-01-25,3.89,1330.609985,-0.0158719310812934,3,3.69
"460",2008-02-01,3.86,1395.420044,0.0122374918576496,3,3.89
"461",2008-02-08,3.92,1331.290039,-0.00420371966480437,3,3.86
"462",2008-02-15,3.97,1349.98999,0.00083774818184712,3,3.92
"463",2008-02-22,3.98,1353.109985,0.00788061031892195,3,3.97
"464",2008-02-29,4.02,1330.630005,-0.027089704855782,3,3.98
"465",2008-03-07,4.21,1293.369995,-0.00841036178140075,3,4.02
"466",2008-03-14,4.35,1288.140015,-0.0207832619391137,3,4.21
"467",2008-03-28,4.44,1315.219971,-0.00795018624826371,4,4.35
"468",2008-04-04,4.49,1370.400024,0.000795995759204526,4,4.44
"469",2008-04-11,4.41,1332.829956,-0.0203741810309545,3,4.49
"470",2008-04-18,4.28,1390.329956,0.0181390022626606,3,4.41
"471",2008-04-25,4.08,1397.839966,0.00649473679146007,3,4.28
"472",2008-05-02,4,1413.900024,0.0032355983013399,3,4.08
"473",2008-05-09,3.94,1388.280029,-0.00672544834069722,3,4
"474",2008-05-16,3.86,1425.349976,0.00125039869308941,3,3.94
"475",2008-05-23,3.79,1375.930054,-0.0132104007724385,3,3.86
"476",2008-05-30,3.71,1400.380005,0.00151616651040465,3,3.79
"477",2008-06-06,3.77,1360.680054,-0.0308892087079725,3,3.71
"478",2008-06-13,3.71,1360.030029,0.0150462612605935,3,3.77
"479",2008-06-20,3.75,1317.930054,-0.0185428556227414,3,3.71
"480",2008-06-27,3.91,1278.380005,-0.00371742891383064,3,3.75
"481",2008-07-11,4.27,1239.48999,-0.0110899439389581,3,3.91
"482",2008-07-18,4.29,1260.680054,0.000285727446544648,3,4.27
"483",2008-07-25,4.22,1257.76001,0.00416750829312207,3,4.29
"484",2008-08-01,4.33,1260.310059,-0.00557839477671107,3,4.22
"485",2008-08-08,4.42,1296.319946,0.023892834748642,3,4.33
"486",2008-08-15,4.51,1298.199951,0.00407593356167757,4,4.42
"487",2008-08-22,4.59,1292.199951,0.0113326709518888,4,4.51
"488",2008-08-29,4.64,1282.829956,-0.013723665512595,4,4.59
"489",2008-09-05,4.75,1242.310059,0.004430765097025,4,4.64
"490",2008-09-12,4.96,1251.699951,0.00212153388258662,4,4.75
"491",2008-09-19,5.81,1255.079956,0.0402565628112774,4,4.96
"492",2008-09-26,6.3,1213.27002,0.00338242926392174,4,5.81
"493",2008-10-03,7.12,1099.22998,-0.0135065231434746,4,6.3
"494",2008-10-10,8.26,899.2199707,-0.0117592891694698,4,7.12
"495",2008-10-17,9.72,940.5499878,-0.00621282603610784,4,8.26
"496",2008-10-24,11.58,876.7700195,-0.0345112006297295,4,9.72
"497",2008-10-31,13.56,968.75,0.0153653981140887,4,11.58
"498",2008-11-07,12.93,930.9899902,0.028854638359354,4,13.56
"499",2008-11-14,12.84,873.289978,-0.0416991308116855,4,12.93
"500",2008-11-21,13.33,800.0300293,0.0632476034610145,4,12.84
"501",2008-11-28,13.57,896.2399902,0.00964311189887646,4,13.33
"502",2008-12-05,13.64,876.0700073,0.0364994175119295,4,13.57
"503",2008-12-12,13.54,879.7299805,0.00702841540188825,4,13.64
"504",2008-12-19,13.33,887.8800049,0.00293689625197557,4,13.54
"505",2008-12-26,13.17,872.7999878,0.00535617493441154,4,13.33
"506",2009-01-02,12.96,931.7999878,0.0316080684195961,4,13.17
"507",2009-01-09,12.56,890.3499756,-0.0213030298169886,4,12.96
"508",2009-01-16,12.15,850.1199951,0.00756157699540561,4,12.56
"509",2009-01-23,12,831.9500122,0.00537765824773406,4,12.15
"510",2009-01-30,11.74,825.8800049,-0.0227891347791829,4,12
"511",2009-02-06,11.52,868.5999756,0.0268960225291279,4,11.74
"512",2009-02-13,11.52,826.8400269,-0.0099976957051755,4,11.52
"513",2009-02-20,11.78,770.0499878,-0.0114129645063918,4,11.52
"514",2009-02-27,11.87,735.0900269,-0.0235644033806419,4,11.78
"515",2009-03-06,11.52,683.3800049,0.00121605320465279,4,11.87
"516",2009-03-13,11.6,756.5499878,0.00773902772709945,4,11.52
"517",2009-03-20,11.46,768.539978,-0.0197694000751579,4,11.6
"518",2009-03-27,11.11,815.9400024,-0.020315519170817,4,11.46
"519",2009-04-03,10.97,842.5,0.00973177095845346,4,11.11
"520",2009-04-17,10.29,869.5999756,0.00496936075421961,4,10.97
"521",2009-04-24,10,866.2299805,0.0167973493840203,4,10.29
"522",2009-05-01,9.67,877.5200195,0.00539638857592295,4,10
"523",2009-05-08,9.15,929.2299805,0.024068995193459,4,9.67
"524",2009-05-15,8.73,882.8800049,-0.0114100824310597,4,9.15
"525",2009-05-22,8.37,887,-0.00149721057984942,4,8.73
"526",2009-05-29,7.99,919.1400146,0.0135747574163534,4,8.37
"527",2009-06-05,7.47,940.0900269,-0.00251469032603702,4,7.99
"528",2009-06-12,7.07,946.210022,0.00139699581919994,4,7.47
"529",2009-06-19,7.01,921.2299805,0.00311419734449037,4,7.07
"530",2009-06-26,7.1,918.9000244,-0.00147782733740176,4,7.01
"531",2009-07-10,6.66,879.1300049,-0.00402182878207202,4,7.1
"532",2009-07-17,6.54,940.3800049,-0.000382661844664844,4,6.66
"533",2009-07-24,6.29,979.2600098,0.00304216151648329,4,6.54
"534",2009-07-31,5.95,987.4799805,0.000739782619711082,4,6.29
"535",2009-08-07,5.45,1010.47998,0.0134392051492254,4,5.95
"536",2009-08-14,5.32,1004.090027,-0.00853134909662689,4,5.45
"537",2009-08-21,5.39,1026.130005,0.0186227603493392,4,5.32
"538",2009-08-28,5.29,1028.930054,-0.00198832764919465,4,5.39
"539",2009-09-04,5.21,1016.400024,0.0131175333232081,4,5.29
"540",2009-09-11,5.11,1042.72998,-0.00135042712638489,4,5.21
"541",2009-09-18,4.81,1068.300049,0.00263733965252921,4,5.11
"542",2009-09-25,4.67,1044.380005,-0.00609073623724155,4,4.81
"543",2009-10-02,4.66,1025.209961,-0.00450552518146585,4,4.67
"544",2009-10-09,4.54,1071.48999,0.00564065971469496,4,4.66
"545",2009-10-16,4.34,1087.680054,-0.00809805621417403,3,4.54
"546",2009-10-23,4.29,1079.599976,-0.0121785486324851,3,4.34
"547",2009-10-30,4.36,1036.189941,-0.0280646879036593,3,4.29
"548",2009-11-06,4.37,1069.300049,0.00250325228756343,3,4.36
"549",2009-11-13,4.33,1093.47998,0.00573929404491458,3,4.37
"550",2009-11-20,4.28,1091.380005,-0.00321492275353175,3,4.33
"551",2009-11-27,4.32,1091.48999,-0.0172334755173483,3,4.28
"552",2009-12-04,4.52,1105.97998,0.00550943319294595,4,4.32
"553",2009-12-11,4.44,1106.410034,0.00368309347157814,4,4.52
"554",2009-12-18,4.32,1102.469971,0.00582988035226872,3,4.44
"555",2010-01-08,4.01,1144.97998,0.00288172723771063,3,4.32
"556",2010-01-15,3.87,1136.030029,-0.0108231304721994,3,4.01
"557",2010-01-22,3.92,1091.76001,-0.0221409881438269,3,3.87
"558",2010-01-29,4.01,1073.869995,-0.00982917366504754,3,3.92
"559",2010-02-05,4.05,1066.189941,0.00289711887147792,3,4.01
"560",2010-02-12,4.14,1075.51001,-0.00274459287656881,3,4.05
"561",2010-02-19,4.09,1109.170044,0.00218662209170994,3,4.14
"562",2010-02-26,4.02,1104.48999,0.00140537933424967,3,4.09
"563",2010-03-05,3.92,1138.699951,0.014007480525942,3,4.02
"564",2010-03-12,3.67,1149.98999,-0.000217345947083669,3,3.92
"565",2010-03-19,3.54,1159.900024,-0.00508644675793524,3,3.67
"566",2010-03-26,3.44,1166.589966,0.000737723156094772,3,3.54
"567",2010-04-09,3.26,1194.369995,0.0066839068088993,2,3.44
"568",2010-04-16,3.21,1192.130005,-0.016126534692146,2,3.26
"569",2010-04-23,3.17,1217.280029,0.00712351980819004,2,3.21
"570",2010-04-30,3.25,1186.689941,-0.0166476802045255,2,3.17
"571",2010-05-07,3.5,1110.880005,-0.015308264532732,3,3.25
"572",2010-05-14,3.68,1135.680054,-0.0188000139179577,3,3.5
"573",2010-05-21,3.9,1087.689941,0.015024380136833,3,3.68
"574",2010-05-28,4.25,1089.410034,-0.0123746888382257,3,3.9
"575",2010-06-04,4.21,1064.880005,-0.0344114256178222,3,4.25
"576",2010-06-11,4.27,1091.599976,0.00437967883856771,3,4.21
"577",2010-06-18,4.11,1117.51001,0.00131713106038478,3,4.27
"578",2010-06-25,4.01,1076.76001,0.00285936272918841,3,4.11
"579",2010-07-02,4.14,1022.580017,-0.0046623689842139,3,4.01
"580",2010-07-09,4.1,1077.959961,0.00720388787666426,3,4.14
"581",2010-07-16,3.93,1064.880005,-0.0288194728370691,3,4.1
"582",2010-07-23,3.91,1102.660034,0.00822002033366487,3,3.93
"583",2010-07-30,3.75,1101.599976,6.34998576147794e-05,3,3.91
"584",2010-08-06,3.7,1121.640015,-0.00370403867567504,3,3.75
"585",2010-08-13,3.69,1079.25,-0.0040235740352651,3,3.7
"586",2010-08-20,3.67,1071.689941,-0.00366302909149496,3,3.69
"587",2010-08-27,3.7,1064.589966,0.0165867682827068,3,3.67
"588",2010-09-03,3.73,1104.51001,0.0132190022174627,3,3.7
"589",2010-09-10,3.63,1109.550049,0.00486333273323192,3,3.73
"590",2010-09-17,3.58,1125.589966,0.000826856091518335,3,3.63
"591",2010-09-24,3.63,1148.670044,0.0211943928705256,3,3.58
"592",2010-10-01,3.61,1146.23999,0.00441643814967185,3,3.63
"593",2010-10-08,3.54,1165.150024,0.0061222774629861,3,3.61
"594",2010-10-15,3.44,1176.189941,0.0020274847550954,3,3.54
"595",2010-10-22,3.48,1183.079956,0.00238925827877545,3,3.44
"596",2010-10-29,3.42,1183.26001,-0.000439286849972742,2,3.48
"597",2010-11-05,3.52,1225.849976,0.00392275299211975,3,3.42
"598",2010-11-12,3.46,1199.209961,-0.0118084921300236,3,3.52
"599",2010-11-19,3.5,1199.72998,0.00254037315418532,3,3.46
"600",2010-11-26,3.55,1189.400024,-0.00746856275649477,3,3.5
"601",2010-12-03,3.64,1224.709961,0.00260323686238251,3,3.55
"602",2010-12-10,3.47,1240.400024,0.00600164152473637,3,3.64
"603",2010-12-17,3.33,1243.910034,0.000836804335275554,2,3.47
"604",2010-12-31,3.34,1257.640015,-0.000190789263718405,2,3.33
"605",2011-01-07,3.29,1271.5,-0.00184478238746688,2,3.34
"606",2011-01-14,3.3,1293.23999,0.00738454222452378,2,3.29
"607",2011-01-21,3.24,1283.349976,0.00241354566718055,2,3.3
"608",2011-01-28,3.25,1276.339966,-0.017852526512267,2,3.24
"609",2011-02-04,3.24,1310.869995,0.002884262159913,2,3.25
"610",2011-02-11,3.09,1329.150024,0.0055073713962317,2,3.24
"611",2011-02-18,3.11,1343.01001,0.00192472258608434,2,3.09
"612",2011-02-25,3.2,1319.880005,0.0105505162339885,2,3.11
"613",2011-03-04,3.23,1321.150024,-0.00737803798279679,2,3.2
"614",2011-03-11,3.19,1304.280029,0.00708051370633211,2,3.23
"615",2011-03-18,3.34,1279.209961,0.00431020171230401,2,3.19
"616",2011-03-25,3.21,1313.800049,0.00316113715966071,2,3.34
"617",2011-04-01,3.11,1332.410034,0.00496298787806237,2,3.21
"618",2011-04-08,3.04,1328.170044,-0.0040044438811524,2,3.11
"619",2011-04-15,3.06,1319.680054,0.00392541301881422,2,3.04
"620",2011-04-29,3.14,1363.609985,0.0023006623000803,2,3.06
"621",2011-05-06,3.2,1340.199951,0.00381991992485808,2,3.14
"622",2011-05-13,3.24,1337.77002,-0.00806732940821131,2,3.2
"623",2011-05-20,3.22,1333.27002,-0.00768826747880202,2,3.24
"624",2011-05-27,3.29,1331.099976,0.00408092030623619,2,3.22
"625",2011-06-03,3.39,1300.160034,-0.00973380929387091,2,3.29
"626",2011-06-10,3.45,1270.97998,-0.0139798448409619,3,3.39
"627",2011-06-17,3.5,1271.5,0.00304501668795942,3,3.45
"628",2011-06-24,3.61,1268.449951,-0.0117257880794701,3,3.5
"629",2011-07-01,3.53,1339.670044,0.0144097019504592,3,3.61
"630",2011-07-08,3.46,1343.800049,-0.00696111659735477,3,3.53
"631",2011-07-15,3.62,1316.140015,0.00555442483040491,3,3.46
"632",2011-07-22,3.6,1345.02002,0.000907851581720021,3,3.62
"633",2011-07-29,3.53,1292.280029,-0.00645053296852893,3,3.6
"634",2011-08-05,3.65,1199.380005,-0.000574917322360924,3,3.53
"635",2011-08-12,4.25,1178.810059,0.00526166932824634,3,3.65
"636",2011-08-19,4.3,1123.530029,-0.0150089814051501,3,4.25
"637",2011-08-26,4.42,1176.800049,0.0151216098903342,3,4.3
"638",2011-09-02,4.45,1173.969971,-0.0252819381009902,4,4.42
"639",2011-09-09,4.5,1154.22998,-0.0267054923341498,4,4.45
"640",2011-09-16,4.6,1216.01001,0.00570669755903142,4,4.5
"641",2011-09-23,4.97,1136.430054,0.00608200949144933,4,4.6
"642",2011-09-30,5.45,1131.420044,-0.0249741290939512,4,4.97
"643",2011-10-07,5.8,1155.459961,-0.00816330912962215,4,5.45
"644",2011-10-14,5.31,1224.579956,0.0173802580538285,4,5.8
"645",2011-10-21,5.03,1238.25,0.0188087648556172,4,5.31
"646",2011-10-28,4.78,1285.089966,0.000389229258544566,4,5.03
"647",2011-11-04,4.81,1253.22998,-0.0062800173248857,4,4.78
"648",2011-11-11,4.81,1263.849976,0.0194805404166705,4,4.81
"649",2011-11-18,4.87,1215.650024,-0.000394679021179067,4,4.81
"650",2011-11-25,5.08,1158.670044,-0.00268550675704327,4,4.87
"651",2011-12-02,5.12,1244.280029,-0.00024098652605975,4,5.08
"652",2011-12-09,5.07,1255.189941,0.016883351889821,4,5.12
"653",2011-12-16,5.18,1219.660034,0.00321614970183015,4,5.07
"654",2011-12-23,5.18,1265.329956,0.009035052631579,4,5.18
"655",2011-12-30,5.16,1257.599976,-0.00429133656962932,4,5.18
"656",2012-01-06,5.07,1277.810059,-0.00253696146185134,4,5.16
"657",2012-01-13,5.07,1289.089966,-0.004947922809726,4,5.07
"658",2012-01-20,5.01,1315.380005,0.00066945987067335,4,5.07
"659",2012-01-27,4.84,1316.329956,-0.00159287782740414,4,5.01
"660",2012-02-03,4.77,1344.900024,0.0146053566323092,4,4.84
"661",2012-02-10,4.62,1342.640015,-0.00688630225779718,4,4.77
"662",2012-02-17,4.54,1361.22998,0.0023489300082411,4,4.62
"663",2012-02-24,4.43,1365.73999,0.00167223759055446,3,4.54
"664",2012-03-02,4.25,1369.630005,-0.00324575618071288,3,4.43
"665",2012-03-09,4.14,1370.869995,0.00363125013839682,3,4.25
"666",2012-03-16,3.96,1404.170044,0.00111939827952767,3,4.14
"667",2012-03-23,3.89,1397.109985,0.00310885847717746,3,3.96
"668",2012-03-30,3.98,1408.469971,0.00369843644372136,3,3.89
"669",2012-04-13,4.21,1370.26001,-0.0124750006656602,3,3.98
"670",2012-04-20,4.19,1378.530029,0.00116926542468154,3,4.21
"671",2012-04-27,4.16,1403.359985,0.00241432381054474,3,4.19
"672",2012-05-04,4.09,1369.099976,-0.0161472084565989,3,4.16
"673",2012-05-11,4.14,1353.390015,-0.00338734087428738,3,4.09
"674",2012-05-18,4.39,1295.219971,-0.00738777655136702,3,4.14
"675",2012-05-25,4.52,1317.819946,-0.00216563276725301,4,4.39
"676",2012-06-01,4.64,1278.040039,-0.0246425847567207,4,4.52
"677",2012-06-08,4.66,1325.660034,0.00811416366751194,4,4.64
"678",2012-06-15,4.52,1342.839966,0.010337815249498,4,4.66
"679",2012-06-22,4.42,1335.02002,0.00717460443772877,3,4.52
"680",2012-06-29,4.4,1362.160034,0.0249202386896636,3,4.42
"681",2012-07-06,4.31,1354.680054,-0.00943264921616038,3,4.4
"682",2012-07-13,4.25,1356.780029,0.0164973619489843,3,4.31
"683",2012-07-20,4.14,1362.660034,-0.0100616602126998,3,4.25
"684",2012-07-27,4.18,1385.969971,0.0190805654463821,3,4.14
"685",2012-08-03,4.04,1390.98999,0.0190402857142857,3,4.18
"686",2012-08-10,3.87,1405.869995,0.00218844161161003,3,4.04
"687",2012-08-17,3.82,1418.160034,0.00187213370536332,3,3.87
"688",2012-08-24,3.8,1411.130005,0.00645473103104544,3,3.82
"689",2012-08-31,3.84,1406.579956,0.00507329586808369,3,3.8
"690",2012-09-07,3.83,1437.920044,0.00404997417831598,3,3.84
"691",2012-09-14,3.64,1465.77002,0.00395895180075856,3,3.83
"692",2012-09-21,3.55,1460.150024,-7.53194631413212e-05,3,3.64
"693",2012-09-28,3.64,1440.670044,-0.00447775275025675,3,3.55
"694",2012-10-05,3.59,1460.930054,-0.000321588882086998,3,3.64
"695",2012-10-12,3.49,1428.589966,-0.00296613725248362,3,3.59
"696",2012-10-19,3.31,1433.189941,-0.016571304955209,2,3.49
"697",2012-10-26,3.3,1411.939941,-0.000728982229729169,2,3.31
"698",2012-11-02,3.37,1414.199951,-0.00937945440840959,2,3.3
"699",2012-11-09,3.4,1379.849976,0.0016986925561433,2,3.37
"700",2012-11-16,3.52,1359.880005,0.0048399497631455,3,3.4
"701",2012-11-23,3.5,1409.150024,0.0130263147611747,3,3.52
"702",2012-11-30,3.43,1416.180054,0.000162507862539574,2,3.5
"703",2012-12-07,3.4,1418.069946,0.00292091967999641,2,3.43
"704",2012-12-14,3.33,1413.579956,-0.00413540117836819,2,3.4
"705",2012-12-21,3.24,1430.150024,-0.00937868763608718,2,3.33
"706",2012-12-28,3.23,1402.430054,-0.0110499416579921,2,3.24
"707",2013-01-04,3.1,1466.469971,0.00486509659944057,2,3.23
"708",2013-01-11,3.01,1472.050049,-4.75137897981703e-05,2,3.1
"709",2013-01-18,3.02,1485.97998,0.0034032703558502,2,3.01
"710",2013-01-25,3.01,1502.959961,0.00544548192695848,2,3.02
"711",2013-02-01,3.05,1513.170044,0.0100527058432227,2,3.01
"712",2013-02-08,3.21,1517.930054,0.00565794056879332,2,3.05
"713",2013-02-15,3.17,1519.790039,-0.00104508143578497,2,3.21
"714",2013-02-22,3.15,1515.599976,0.00877246816070842,2,3.17
"715",2013-03-01,3.19,1518.199951,0.0023238551208915,2,3.15
"716",2013-03-08,3.13,1551.180054,0.00448113915738846,2,3.19
"717",2013-03-15,3.08,1560.699951,-0.00161846243506669,2,3.13
"718",2013-03-22,3.18,1556.890015,0.00717425646814696,2,3.08
"719",2013-04-05,3.27,1553.280029,-0.004294895502441,2,3.18
"720",2013-04-12,3.2,1588.849976,-0.00283676673602729,2,3.27
"721",2013-04-19,3.27,1555.25,0.00884790260358881,2,3.2
"722",2013-04-26,3.24,1582.23999,-0.00184211305948179,2,3.27
"723",2013-05-03,3.18,1614.420044,0.0105346668157529,2,3.24
"724",2013-05-10,3.07,1633.699951,0.00432165516659633,2,3.18
"725",2013-05-17,3.06,1667.469971,0.0103000965171756,2,3.07
"726",2013-05-24,3.09,1649.599976,-0.000551365332222331,2,3.06
"727",2013-05-31,3.2,1630.73999,-0.0143072415625835,2,3.09
"728",2013-06-07,3.45,1643.380005,0.0128315410480593,3,3.2
"729",2013-06-14,3.63,1626.72998,-0.0058850161873153,3,3.45
"730",2013-06-21,3.68,1592.430054,0.00266977701504012,3,3.63
"731",2013-06-28,3.94,1606.280029,-0.00428956249081858,3,3.68
"732",2013-07-05,3.85,1631.890015,0.0102017324723389,3,3.94
"733",2013-07-12,3.87,1680.189941,0.0030864831096169,3,3.85
"734",2013-07-19,3.73,1692.089966,0.0016100504969605,3,3.87
"735",2013-07-26,3.62,1691.650024,0.000828294039343369,3,3.73
"736",2013-08-02,3.68,1709.670044,0.00164045827051984,3,3.62
"737",2013-08-09,3.72,1691.420044,-0.00356996021832323,3,3.68
"738",2013-08-16,3.66,1655.829956,-0.00330459524862647,3,3.72
"739",2013-08-23,3.76,1663.5,0.00394701088374694,3,3.66
"740",2013-08-30,3.85,1632.969971,-0.00317431820893432,3,3.76
"741",2013-09-06,3.85,1655.170044,5.44312071892872e-05,3,3.85
"742",2013-09-13,3.78,1687.98999,0.00271467956930183,3,3.85
"743",2013-09-20,3.68,1709.910034,-0.00721688647152952,3,3.78
"744",2013-09-27,3.69,1691.75,-0.00407380116252876,3,3.68
"745",2013-10-04,3.77,1690.5,0.00705322445295087,3,3.69
"746",2013-10-11,3.69,1703.199951,0.00628627146400129,3,3.77
"747",2013-10-18,3.6,1744.5,0.00654875564309476,3,3.69
"748",2013-10-25,3.51,1759.77002,0.00439484394876999,3,3.6
"749",2013-11-01,3.48,1761.640015,0.00290342143461952,3,3.51
"750",2013-11-08,3.5,1770.609985,0.0134275595556985,3,3.48
"751",2013-11-15,3.57,1798.180054,0.00422203427924961,3,3.5
"752",2013-11-22,3.53,1804.76001,0.00496145787180158,3,3.57
"753",2013-11-29,3.52,1805.810059,-0.000785689157281499,3,3.53
"754",2013-12-06,3.51,1805.089966,0.0112378708896219,3,3.52
"755",2013-12-13,3.45,1775.319946,-0.000101410306955763,3,3.51
"756",2013-12-20,3.39,1818.319946,0.00481872795957639,2,3.45
"757",2013-12-27,3.31,1841.400024,-0.000336584832557829,2,3.39
"758",2014-01-03,3.32,1831.369995,-0.000332964883164255,2,3.31
"759",2014-01-10,3.31,1842.369995,0.00230668668073886,2,3.32
"760",2014-01-17,3.3,1838.699951,-0.00389517465372924,2,3.31
"761",2014-01-24,3.33,1790.290039,-0.0208754486366355,2,3.3
"762",2014-01-31,3.53,1782.589966,-0.00646529931693562,3,3.33
"763",2014-02-07,3.62,1797.02002,0.0133018868981003,3,3.53
"764",2014-02-14,3.5,1838.630005,0.00480921681883317,3,3.62
"765",2014-02-21,3.46,1836.25,-0.00191872340407928,3,3.5
"766",2014-02-28,3.4,1859.449951,0.00278268873341014,2,3.46
"767",2014-03-07,3.42,1878.040039,0.000538089420198506,2,3.4
"768",2014-03-14,3.51,1841.130005,-0.00282177773104653,3,3.42
"769",2014-03-21,3.51,1866.52002,-0.00293267128416697,3,3.51
"770",2014-03-28,3.38,1857.619995,0.00464022185514179,2,3.51
"771",2014-04-04,3.29,1865.089966,-0.012537288155389,2,3.38
"772",2014-04-11,3.3,1815.689941,-0.00948677385461516,2,3.29
"773",2014-04-25,3.29,1863.400024,-0.00809639101327353,2,3.3
"774",2014-05-02,3.32,1881.140015,-0.00134844502632292,2,3.29
"775",2014-05-09,3.26,1878.47998,0.00151947611863901,2,3.32
"776",2014-05-16,3.19,1877.859985,0.00374696479671122,2,3.26
"777",2014-05-23,3.16,1900.530029,0.00424839182372638,2,3.19
"778",2014-05-30,3.08,1923.569946,0.00184367793551843,2,3.16
"779",2014-06-06,2.99,1949.439941,0.00462775845958308,2,3.08
"780",2014-06-13,2.87,1936.160034,0.00313456178508909,2,2.99
"781",2014-06-20,2.9,1962.869995,0.00173005850256258,2,2.87
"782",2014-06-27,2.87,1960.959961,0.00191086850503019,2,2.9
"783",2014-07-11,2.85,1967.569946,0.00147092245076563,2,2.87
"784",2014-07-18,2.88,1978.219971,0.0102649357809146,2,2.85
"785",2014-07-25,2.95,1978.339966,-0.00484915044265188,2,2.88
"786",2014-08-01,3.02,1925.150024,-0.00285912137972755,2,2.95
"787",2014-08-08,3.21,1931.589966,0.011531402683691,2,3.02
"788",2014-08-15,3.19,1955.060059,-6.13728642303579e-05,2,3.21
"789",2014-08-22,3.07,1988.400024,-0.00199258722524576,2,3.19
"790",2014-08-29,3.06,2003.369995,0.00332041479271417,2,3.07
"791",2014-09-05,3.09,2007.709961,0.00503588560515533,2,3.06
"792",2014-09-12,3.09,1985.540039,-0.00596255840805293,2,3.09
"793",2014-09-19,3.14,2010.400024,-0.000477269612182307,2,3.09
"794",2014-09-26,3.15,1982.849976,0.00857582494608722,2,3.14
"795",2014-10-03,3.29,1967.900024,0.0111655094409624,2,3.15
"796",2014-10-10,3.35,1906.130005,-0.0114510123101682,2,3.29
"797",2014-10-17,3.53,1886.76001,0.0128841073842894,3,3.35
"798",2014-10-24,3.48,1964.579956,0.00705344951399223,3,3.53
"799",2014-10-31,3.36,2018.050049,0.0117313938377392,2,3.48
"800",2014-11-07,3.3,2031.920044,0.000349586213948205,2,3.36
"801",2014-11-14,3.36,2039.819946,0.000240270093889716,2,3.3
"802",2014-11-21,3.48,2063.5,0.0052368773596394,3,3.36
"803",2014-11-28,3.49,2067.560059,-0.00254242692439355,3,3.48
"804",2014-12-05,3.6,2075.370117,0.00166521638378248,3,3.49
"805",2014-12-12,3.98,2002.329956,-0.0162135873364014,3,3.6
"806",2014-12-19,4.38,2070.649902,0.00457004899569724,3,3.98
"807",2014-12-26,4.1,2088.77002,0.0033095747051799,3,4.38
"808",2015-01-02,4.16,2058.199951,-0.000339963588963266,3,4.1
"809",2015-01-09,4.43,2044.810059,-0.00840381104057331,3,4.16
"810",2015-01-16,4.54,2019.420044,0.013424199395452,4,4.43
"811",2015-01-23,4.5,2051.820068,-0.00549152244779549,4,4.54
"812",2015-01-30,4.47,1994.98999,-0.0129919653679653,4,4.5
"813",2015-02-06,4.43,2055.469971,-0.00341817239669751,3,4.47
"814",2015-02-13,4.22,2096.98999,0.00407473860486807,3,4.43
"815",2015-02-20,4.07,2110.300049,0.00612653379112738,3,4.22
"816",2015-02-27,4.09,2104.5,-0.00295630443804684,3,4.07
"817",2015-03-06,3.95,2071.26001,-0.0141739464490044,3,4.09
"818",2015-03-13,4.01,2053.399902,-0.00607471105189417,3,3.95
"819",2015-03-20,4.18,2108.100098,0.00901275460794682,3,4.01
"820",2015-03-27,4.07,2061.02002,0.00236856174506661,3,4.18
"821",2015-04-10,3.85,2102.060059,0.0052028650588638,3,4.07
"822",2015-04-17,3.74,2081.179932,-0.011311245237798,3,3.85
"823",2015-04-24,3.72,2117.689941,0.00225280021259122,3,3.74
"824",2015-05-01,3.59,2108.290039,0.0109230015155861,3,3.72
"825",2015-05-08,3.49,2116.100098,0.0134579013409961,3,3.59
"826",2015-05-15,3.44,2122.72998,0.000768413523499989,3,3.49
"827",2015-05-22,3.37,2126.060059,-0.0022338859444232,2,3.44
"828",2015-05-29,3.44,2107.389893,-0.00631846894486476,3,3.37
"829",2015-06-05,3.46,2092.830078,-0.00143618304527815,3,3.44
"830",2015-06-12,3.51,2094.110107,-0.00699429988316436,3,3.46
"831",2015-06-19,3.59,2109.98999,-0.00530350175040784,3,3.51
"832",2015-06-26,3.51,2101.48999,-0.000390079948715982,3,3.59
"833",2015-07-10,3.7,2076.620117,0.0123384848082588,3,3.51
"834",2015-07-17,3.63,2126.639893,0.00110618322209244,3,3.7
"835",2015-07-24,3.64,2079.649902,-0.0107033280445858,3,3.63
"836",2015-07-31,3.78,2103.840088,-0.00227152002284325,3,3.64
"837",2015-08-07,3.8,2077.570068,-0.00287488281133341,3,3.78
"838",2015-08-14,3.89,2091.540039,0.00391196387550097,3,3.8
"839",2015-08-21,4.03,1970.890015,-0.031850965323014,3,3.89
"840",2015-08-28,4.27,1988.869995,0.000608736393197473,3,4.03
"841",2015-09-04,4.22,1921.219971,-0.0153295956309175,3,4.27
"842",2015-09-11,4.27,1961.050049,0.00448704333116767,3,4.22
"843",2015-09-18,4.29,1958.030029,-0.0161641658084837,3,4.27
"844",2015-09-25,4.48,1931.339966,-0.000465793071594556,4,4.29
"845",2015-10-02,4.75,1951.359985,0.0143152892542056,4,4.48
"846",2015-10-09,4.52,2014.890015,0.000725111357655406,4,4.75
"847",2015-10-16,4.43,2033.109985,0.00457047427616386,3,4.52
"848",2015-10-23,4.34,2075.149902,0.0110303442563966,3,4.43
"849",2015-10-30,4.26,2079.360107,-0.00480987715348802,3,4.34
"850",2015-11-06,4.02,2099.199951,-0.000347621598642878,3,4.26
"851",2015-11-13,4.02,2023.040039,-0.0112073648807234,3,4.02
"852",2015-11-20,4.05,2089.169922,0.00381019586309228,3,4.02
"853",2015-11-27,4.04,2090.110107,0.000593617568612093,3,4.05
"854",2015-12-04,4.12,2091.689941,0.0205256689525359,3,4.04
"855",2015-12-11,4.3,2012.369995,-0.0194227671306118,3,4.12
"856",2015-12-18,4.45,2005.550049,-0.0177972200917001,4,4.3
"857",2016-01-08,4.49,1922.030029,-0.0108383746344763,4,4.45
"858",2016-01-15,4.72,1880.329956,-0.021599098121784,4,4.49
"859",2016-01-22,4.94,1906.900024,0.0202837009308969,4,4.72
"860",2016-01-29,4.91,1940.23999,0.0247602174818329,4,4.94
"861",2016-02-05,4.92,1880.050049,-0.0184812461330659,4,4.91
"862",2016-02-12,5.05,1864.780029,0.0195180494340292,4,4.92
"863",2016-02-19,5,1917.780029,-2.60330692216648e-05,4,5.05
"864",2016-02-26,4.91,1948.050049,-0.00187011430631534,4,5
"865",2016-03-04,4.7,1999.98999,0.00330589240526669,4,4.91
"866",2016-03-11,4.52,2022.189941,0.0163955004776695,4,4.7
"867",2016-03-18,4.42,2049.580078,0.00440564353926653,3,4.52
"868",2016-04-01,4.36,2072.780029,0.00633091509768668,3,4.42
"869",2016-04-08,4.33,2047.599976,0.00278657820631478,3,4.36
"870",2016-04-15,4.2,2080.72998,-0.000984284932376789,3,4.33
"871",2016-04-22,4.04,2091.580078,4.78598891489046e-05,3,4.2
"872",2016-04-29,4.01,2065.300049,-0.00506308848173853,3,4.04
"873",2016-05-06,3.91,2057.139893,0.00317463919450733,3,4.01
"874",2016-05-13,3.9,2046.609985,-0.00847828899274894,3,3.91
"875",2016-05-20,3.78,2052.320068,0.00601950391425632,3,3.9
"876",2016-05-27,3.77,2099.060059,0.00428685736562273,3,3.78
"877",2016-06-03,3.81,2099.129883,-0.0029118146788909,3,3.77
"878",2016-06-10,3.75,2096.070068,-0.00917518113312521,3,3.81
"879",2016-06-17,3.88,2071.219971,-0.00325796516469268,3,3.75
"880",2016-06-24,3.79,2037.410034,-0.0359197999155138,3,3.88
"881",2016-07-01,3.81,2102.949951,0.00194860247539119,3,3.79
"882",2016-07-08,3.64,2129.899902,0.0152533492992175,3,3.81
"883",2016-07-15,3.45,2161.73999,-0.000928947429231664,3,3.64
"884",2016-07-22,3.41,2175.030029,0.00455396451789425,2,3.45
"885",2016-07-29,3.4,2173.600098,0.00163130922820232,2,3.41
"886",2016-08-05,3.41,2182.870117,0.00860349636132596,2,3.4
"887",2016-08-12,3.29,2184.050049,-0.00079604626654628,2,3.41
"888",2016-08-19,3.19,2183.870117,-0.00144027168073202,2,3.29
"889",2016-08-26,3.17,2169.040039,-0.00157881675962646,2,3.19
"890",2016-09-02,3.18,2179.97998,0.00420104131564858,2,3.17
"891",2016-09-09,3.15,2127.810059,-0.0245220688572955,2,3.18
"892",2016-09-16,3.21,2139.159912,-0.00377229490712672,2,3.15
"893",2016-09-23,3.18,2164.689941,-0.00573677481425539,2,3.21
"894",2016-09-30,3.18,2168.27002,0.00796796936133681,2,3.18
"895",2016-10-07,3.09,2153.73999,-0.00325348368171074,2,3.18
"896",2016-10-14,3.07,2132.97998,0.000201604178153625,2,3.09
"897",2016-10-21,3.11,2141.159912,-8.41417022030555e-05,2,3.07
"898",2016-10-28,3.06,2126.409912,-0.0031082993655891,2,3.11
"899",2016-11-04,3.09,2085.179932,-0.00166613050789477,2,3.06
"900",2016-11-11,3.05,2164.449951,-0.00139795016699529,2,3.09
"901",2016-11-18,3.18,2181.899902,-0.00238679849333567,2,3.05
"902",2016-11-25,3.14,2213.350098,0.00391438691240475,2,3.18
"903",2016-12-02,3.11,2191.949951,0.000397006484945228,2,3.14
"904",2016-12-09,3.02,2259.530029,0.0059389848367235,2,3.11
"905",2016-12-16,2.93,2258.070068,-0.00175062264834325,2,3.02
"906",2016-12-23,2.91,2263.790039,0.00125171522221401,2,2.93
"907",2016-12-30,2.92,2238.830078,-0.00463705038707374,2,2.91
"908",2017-01-06,2.9,2276.97998,0.00351695901278104,2,2.92
"909",2017-01-13,2.85,2274.639893,0.00184984060760929,2,2.9
"910",2017-01-20,2.8,2271.310059,0.00336623751423915,2,2.85
"911",2017-01-27,2.77,2294.689941,-0.00086646422615233,2,2.8
"912",2017-02-03,2.74,2297.419922,0.00726475800164583,2,2.77
"913",2017-02-10,2.72,2316.100098,0.00356605033332547,2,2.74
"914",2017-02-17,2.62,2351.159912,0.00167855635546665,1,2.72
"915",2017-02-24,2.62,2367.340088,0.00149336406559386,1,2.62
"916",2017-03-03,2.56,2383.120117,0.000503877140836995,1,2.62
"917",2017-03-10,2.56,2372.600098,0.00326867042060042,1,2.56
"918",2017-03-17,2.61,2378.25,-0.0013143148736342,1,2.56
"919",2017-03-24,2.62,2343.97998,-0.000843996075344799,1,2.61
"920",2017-03-31,2.58,2362.719971,-0.0022550475355152,1,2.62
"921",2017-04-07,2.62,2355.540039,-0.00082713012919311,1,2.58
"922",2017-04-21,2.66,2348.689941,-0.00303507315136575,1,2.62
"923",2017-04-28,2.58,2384.199951,-0.00191314733596659,1,2.66
"924",2017-05-05,2.55,2399.290039,0.00408869518490174,1,2.58
"925",2017-05-12,2.5,2390.899902,-0.00147844134212094,1,2.55
"926",2017-05-19,2.56,2381.72998,0.00676749961798429,1,2.5
"927",2017-05-26,2.58,2415.820068,0.000310549996017651,1,2.56
"928",2017-06-02,2.59,2439.070068,0.00370773099480837,1,2.58
"929",2017-06-09,2.59,2431.77002,-0.000829989016156052,1,2.59
"930",2017-06-16,2.6,2433.149902,0.000283639201081209,1,2.59
"931",2017-06-23,2.62,2438.300049,0.00156091558841642,1,2.6
"932",2017-06-30,2.62,2423.409912,0.00153323183664433,1,2.62
"933",2017-07-07,2.6,2425.179932,0.00640312563543932,1,2.62
"934",2017-07-14,2.6,2459.27002,0.00467350332149974,1,2.6
"935",2017-07-21,2.59,2472.540039,-0.000367871603640935,1,2.6
"936",2017-07-28,2.55,2472.100098,-0.00134111548933402,1,2.59
"937",2017-08-04,2.54,2476.830078,0.00188910352333216,1,2.55
"938",2017-08-11,2.55,2441.320068,0.00127556980315369,1,2.54
"939",2017-08-18,2.56,2425.550049,-0.00183536733661438,1,2.55
"940",2017-08-25,2.54,2443.050049,0.00167286930487598,1,2.56
"941",2017-09-01,2.53,2476.550049,0.00198254089142424,1,2.54
"942",2017-09-08,2.52,2461.429932,-0.00148885069737237,1,2.53
"943",2017-09-15,2.45,2500.22998,0.00184718137532158,1,2.52
"944",2017-09-22,2.39,2502.219971,0.000647793704117605,1,2.45
"945",2017-09-29,2.38,2519.360107,0.00370510975092175,1,2.39
"946",2017-10-06,2.28,2549.330078,-0.00107363431527852,1,2.38
"947",2017-10-13,2.26,2553.169922,0.000878107223526881,1,2.28
"948",2017-10-20,2.23,2575.209961,0.0051168426285273,1,2.26
"949",2017-10-27,2.22,2581.070068,0.00807302249303077,1,2.23
"950",2017-11-03,2.26,2587.840088,0.00309707529371339,1,2.22
"951",2017-11-10,2.32,2582.300049,-0.00089764371357326,1,2.26
"952",2017-11-17,2.33,2578.850098,-0.00262596311976071,1,2.32
"953",2017-11-24,2.28,2602.419922,0.00205609524528505,1,2.33
"954",2017-12-01,2.23,2642.219971,-0.00202453064386598,1,2.28
"955",2017-12-08,2.21,2651.5,0.00550630649839068,1,2.23
"956",2017-12-15,2.22,2675.810059,0.00897434357723248,1,2.21
"957",2017-12-22,2.18,2683.340088,-0.000458166473157662,1,2.22
"958",2017-12-29,2.18,2673.610107,-0.00518315329180474,1,2.18
"959",2018-01-05,2.05,2743.149902,0.00703376740382233,1,2.18
"960",2018-01-12,1.99,2786.23999,0.00674960275541392,1,2.05
"961",2018-01-19,1.97,2810.300049,0.00438523528083268,1,1.99
"962",2018-01-26,1.94,2872.870117,0.0118411964427225,1,1.97
"963",2018-02-02,1.92,2762.129883,-0.0212085476949415,1,1.94
"964",2018-02-09,2.01,2619.550049,0.0149360902750872,1,1.92
"965",2018-02-16,2.05,2732.219971,0.000373469543900162,1,2.01
"966",2018-02-23,2.03,2747.300049,0.0160283763905926,1,2.05
"967",2018-03-02,2.06,2691.25,0.0050716026977129,1,2.03
"968",2018-03-09,2.07,2786.570068,0.0173788312774459,1,2.06
"969",2018-03-16,2.11,2752.01001,0.00170344729869765,1,2.07
"970",2018-03-23,2.16,2588.26001,-0.0209668804727657,1,2.11
"971",2018-04-06,2.19,2604.469971,-0.0219202487085285,1,2.16
"972",2018-04-13,2.19,2656.300049,-0.00288662533600592,1,2.19
"973",2018-04-20,2.16,2670.139893,-0.00853653221299167,1,2.19
"974",2018-04-27,2.19,2669.909912,0.0011136250030761,1,2.16
"975",2018-05-04,2.3,2663.419922,0.0128111791918653,1,2.19
"976",2018-05-11,2.39,2727.719971,0.00170759579587876,1,2.3
"977",2018-05-18,2.37,2712.969971,-0.0026321948980258,1,2.39
"978",2018-05-25,2.43,2721.330078,-0.00235722056794874,1,2.37
"979",2018-06-01,2.55,2734.620117,0.010849230126019,1,2.43
"980",2018-06-08,2.59,2779.030029,0.00312590435005777,1,2.55
"981",2018-06-15,2.62,2779.659912,-0.00101710267069099,1,2.59
"982",2018-06-22,2.68,2754.879883,0.00186193448933025,2,2.62
"983",2018-06-29,2.72,2718.370117,0.00075840311129971,2,2.68
"984",2018-07-06,2.77,2759.820068,0.00848128161941331,2,2.72
"985",2018-07-13,2.73,2801.310059,0.00107923766225437,2,2.77
"986",2018-07-20,2.69,2801.830078,-0.000948447671228814,2,2.73
"987",2018-07-27,2.56,2818.820068,-0.00656220867654311,1,2.69
"988",2018-08-03,2.55,2840.350098,0.00464418302596936,1,2.56
"989",2018-08-10,2.65,2833.280029,-0.00711388797409451,1,2.55
"990",2018-08-17,2.83,2850.129883,0.00332311593171508,2,2.65
"991",2018-08-24,2.83,2874.689941,0.00619883972725632,2,2.83
"992",2018-08-31,2.83,2901.52002,0.000134477605530758,2,2.83
"993",2018-09-07,2.88,2871.679932,-0.00221334476174706,2,2.83
"994",2018-09-14,2.83,2904.97998,0.000275481553737356,2,2.88
"995",2018-09-21,2.72,2929.669922,-0.000368532969376445,2,2.83
"996",2018-09-28,2.64,2913.97998,-6.87028140011758e-06,1,2.72
"997",2018-10-05,2.61,2885.570068,-0.00552797874576749,1,2.64
"998",2018-10-12,2.64,2767.129883,0.0142061979635735,1,2.61
"999",2018-10-19,2.64,2767.780029,-0.000361169897762248,1,2.64
"1000",2018-10-26,2.72,2658.689941,-0.0173272640596052,2,2.64
"1001",2018-11-02,2.81,2723.060059,-0.00631668616316328,2,2.72
"1002",2018-11-09,2.77,2781.01001,-0.00919901357847708,2,2.81
"1003",2018-11-16,2.88,2736.27002,0.00222330565853857,2,2.77
"1004",2018-11-23,3.03,2632.560059,-0.00655484237158321,2,2.88
"1005",2018-11-30,3.08,2760.169922,0.00817074753438285,2,3.03
"1006",2018-12-07,3.11,2633.080078,-0.0233201187494894,2,3.08
"1007",2018-12-14,3.12,2599.949951,-0.0190867095971455,2,3.11
"1008",2018-12-21,3.15,2416.620117,-0.0205882284353219,2,3.12
"1009",2018-12-28,3.22,2485.73999,-0.00124158255210538,2,3.15
"1010",2019-01-04,3.29,2531.939941,0.0343357142984044,2,3.22
"1011",2019-01-11,3.11,2596.26001,-0.000146297914094373,2,3.29
"1012",2019-01-18,3.02,2670.709961,0.0131830530486574,2,3.11
"1013",2019-01-25,2.92,2664.76001,0.00848869419712228,2,3.02
"1014",2019-02-01,2.88,2706.530029,0.00089860985612078,2,2.92
"1015",2019-02-08,2.8,2707.879883,0.00067620109268729,2,2.88
"1016",2019-02-15,2.78,2775.600098,0.0108787529063581,2,2.8
"1017",2019-02-22,2.74,2792.669922,0.00641110237203013,2,2.78
"1018",2019-03-01,2.69,2803.689941,0.00689532053228903,2,2.74
"1019",2019-03-08,2.69,2743.070068,-0.00213168910992823,2,2.69
"1020",2019-03-15,2.67,2822.47998,0.00498490290110598,2,2.69
"1021",2019-03-22,2.6,2800.709961,-0.0189745012820212,1,2.67
"1022",2019-03-29,2.66,2834.399902,0.00673428004053456,1,2.6
"1023",2019-04-05,2.64,2892.73999,0.00463643254164881,1,2.66
"1024",2019-04-12,2.61,2907.409912,0.00660932429598038,1,2.64
"1025",2019-04-26,2.58,2939.879883,0.00468529216192248,1,2.61
"1026",2019-05-03,2.59,2945.639893,0.00963827936303252,1,2.58
"1027",2019-05-10,2.63,2881.399902,0.00372029703624488,1,2.59
"1028",2019-05-17,2.71,2859.530029,-0.00583733332976211,2,2.63
"1029",2019-05-24,2.71,2826.060059,0.0013535592343441,2,2.71
"1030",2019-05-31,2.79,2752.060059,-0.0131953725135343,2,2.71
"1031",2019-06-07,2.9,2873.340088,0.0104976975846502,2,2.79
"1032",2019-06-14,2.82,2886.97998,-0.00161151221190459,2,2.9
"1033",2019-06-21,2.79,2950.459961,-0.00125922289285929,2,2.82
"1034",2019-06-28,2.74,2941.76001,0.00575745266505789,2,2.79
"1035",2019-07-05,2.66,2990.409912,-0.00180590151517734,1,2.74
"1036",2019-07-12,2.6,3013.77002,0.00462017474076726,1,2.66
"1037",2019-07-19,2.62,2976.610107,-0.00617673452363665,1,2.6
"1038",2019-07-26,2.6,3025.860107,0.00738769091685842,1,2.62
"1039",2019-08-02,2.63,2932.050049,-0.00728274000538953,1,2.6
"1040",2019-08-09,2.83,2918.649902,-0.0066166065089015,2,2.63
"1041",2019-08-16,2.98,2888.679932,0.0144261246615536,2,2.83
"1042",2019-08-23,2.98,2847.110107,-0.0259463368416738,2,2.98
"1043",2019-08-30,3,2926.459961,0.000642787323261063,2,2.98
"1044",2019-09-06,3.01,2978.709961,0.000910605174731183,2,3
"1045",2019-09-13,2.85,3007.389893,-0.000724414102592719,2,3.01
"1046",2019-09-20,2.79,2992.070068,-0.0048955766146197,2,2.85
"1047",2019-09-27,2.85,2961.790039,-0.00531635244859541,2,2.79
"1048",2019-10-04,2.91,2952.01001,0.0142168976006489,2,2.85
"1049",2019-10-11,2.86,2970.27002,0.010938977608159,2,2.91
"1050",2019-10-18,2.78,2986.199951,-0.00391934494973156,2,2.86
"1051",2019-10-25,2.72,3022.550049,0.00407270058405151,2,2.78
"1052",2019-11-01,2.7,3066.909912,0.00966231199710421,2,2.72
"1053",2019-11-08,2.66,3093.080078,0.00256067593272546,1,2.7
"1054",2019-11-15,2.67,3120.459961,0.00769548796607022,2,2.66
"1055",2019-11-22,2.71,3110.290039,0.00217493569123572,2,2.67
"1056",2019-11-29,2.69,3140.97998,-0.00401121991778131,2,2.71
"1057",2019-12-06,2.73,3145.909912,0.00913572417703978,2,2.69
"1058",2019-12-13,2.69,3168.800049,7.25819518156978e-05,2,2.73
"1059",2019-12-20,2.59,3221.219971,0.00494478123319952,1,2.69
"1060",2019-12-27,2.57,3240.02002,3.39848955650535e-05,1,2.59
"1061",2020-01-03,2.58,3234.850098,-0.00705987056130042,1,2.57
"1062",2020-01-10,2.52,3265.350098,-0.00285517853235528,1,2.58
"1063",2020-01-17,2.45,3329.620117,0.0038621620690158,1,2.52
"1064",2020-01-24,2.45,3295.469971,-0.00904216086631215,1,2.45
"1065",2020-01-31,2.57,3225.52002,-0.017705820200055,1,2.45
"1066",2020-02-07,2.58,3327.709961,-0.00540085356579789,1,2.57
"1067",2020-02-14,2.53,3380.159912,0.0018435334086464,1,2.58
"1068",2020-02-21,2.5,3337.75,-0.0105181028896227,1,2.53
"1069",2020-02-28,2.78,2954.219971,-0.00823834042273175,2,2.5
"1070",2020-03-06,3.13,2972.370117,-0.0170538519303218,2,2.78
"1071",2020-03-13,3.97,2711.02002,0.0928712497328203,3,3.13
"1072",2020-03-20,5.43,2304.919922,-0.0433595124240856,4,3.97
"1073",2020-03-27,6.2,2541.469971,-0.0336873523173375,4,5.43
"1074",2020-04-03,6,2488.649902,-0.0151371251270087,4,6.2
"1075",2020-04-17,5.47,2874.560059,0.0267935949302973,4,6
"1076",2020-04-24,5.4,2836.73999,0.0139180571584872,4,5.47
"1077",2020-05-01,5.3,2830.709961,-0.0280590341769636,4,5.4
"1078",2020-05-08,5.15,2929.800049,0.0168715388417358,4,5.3
"1079",2020-05-15,5,2863.699951,0.00392636319018402,4,5.15
"1080",2020-05-22,4.74,2955.449951,0.0023537111885199,4,5
"1081",2020-05-29,4.58,3044.310059,0.0048123361145207,4,4.74
"1082",2020-06-05,4.33,3193.929932,0.0262116508205241,3,4.58
"1083",2020-06-12,4.07,3041.310059,0.0130608439825579,3,4.33
"1084",2020-06-19,4.11,3097.73999,-0.00564949491960565,3,4.07
"1085",2020-06-26,4.06,3009.050049,-0.0242269050632121,3,4.11
"1086",2020-07-10,3.92,3185.040039,0.0104662011983174,3,4.06
"1087",2020-07-17,3.9,3224.72998,0.00284861216092147,3,3.92
"1088",2020-07-24,3.76,3215.629883,-0.00619039996314674,3,3.9
"1089",2020-07-31,3.69,3271.120117,0.00767050484022791,3,3.76
"1090",2020-08-07,3.6,3351.280029,0.000633029492680626,3,3.69
"1091",2020-08-14,3.47,3372.850098,-0.000171882627381659,3,3.6
"1092",2020-08-21,3.5,3397.159912,0.0034411069427025,3,3.47
"1093",2020-08-28,3.46,3508.01001,0.00673256537289024,3,3.5
"1094",2020-09-04,3.4,3426.959961,-0.0081330273628103,2,3.46
"1095",2020-09-11,3.41,3340.969971,0.000533072401226464,2,3.4
"1096",2020-09-18,3.42,3319.469971,-0.011182581788012,2,3.41
"1097",2020-09-25,3.55,3298.459961,0.0159767237606376,3,3.42
"1098",2020-10-02,3.61,3348.419922,-0.00957765219199447,3,3.55
"1099",2020-10-09,3.44,3477.139893,0.00879353327959453,3,3.61
"1100",2020-10-16,3.41,3483.810059,0.000134919642678311,2,3.44
"1101",2020-10-23,3.4,3465.389893,0.00344576154396203,2,3.41
"1102",2020-10-30,3.44,3269.959961,-0.0121295499853896,3,3.4
"1103",2020-11-06,3.41,3509.439941,-0.000287715254197574,2,3.44
"1104",2020-11-13,3.18,3585.149902,0.0136103352447114,2,3.41
"1105",2020-11-20,3.17,3557.540039,-0.00679256288063779,2,3.18
"1106",2020-11-27,3.11,3638.350098,0.00239697938779315,2,3.17
"1107",2020-12-04,2.99,3699.120117,0.00883627499679607,2,3.11
"1108",2020-12-11,2.93,3663.459961,-0.00126499737630659,2,2.99
"1109",2020-12-18,2.86,3709.409912,-0.00351111841305318,2,2.93
"1110",2021-01-08,2.83,3824.679932,0.00549186279626834,2,2.86
"1111",2021-01-15,2.9,3768.25,-0.00719002795902268,2,2.83
"1112",2021-01-22,2.87,3841.469971,-0.00301061148519965,2,2.9
"1113",2021-01-29,2.84,3714.23999,-0.0193114752835581,2,2.87
"1114",2021-02-05,2.79,3886.830078,0.00389749519311078,2,2.84
"1115",2021-02-12,2.75,3934.830078,0.00471103303336018,2,2.79
"1116",2021-02-19,2.68,3906.709961,-0.00185489670431604,2,2.75
"1117",2021-02-26,2.66,3811.149902,-0.00475021428809685,2,2.68
"1118",2021-03-05,2.69,3841.939941,0.0194959680096651,2,2.66
"1119",2021-03-12,2.79,3943.340088,0.00101539849585075,2,2.69
"1120",2021-03-19,2.72,3913.100098,-0.000602703902863433,2,2.79
"1121",2021-03-26,2.74,3974.540039,0.0166312024666393,2,2.72
"1122",2021-04-09,2.72,4128.799805,0.00771993439426599,2,2.74
"1123",2021-04-16,2.8,4185.470215,0.00360881956289494,2,2.72
"1124",2021-04-23,2.76,4180.169922,0.010928696685008,2,2.8
"1125",2021-04-30,2.74,4181.169922,-0.0071947067064797,2,2.76
"1126",2021-05-07,2.71,4232.600098,0.00737334174373649,2,2.74
"1127",2021-05-14,2.67,4173.850098,0.0149179569604863,2,2.71
"1128",2021-05-21,2.67,4155.859863,-0.00078388070271751,2,2.67
"1129",2021-05-28,2.66,4204.109863,0.000768881779522168,2,2.67
"1130",2021-06-04,2.68,4229.890137,0.00883409569487559,2,2.66
"1131",2021-06-11,2.69,4247.439941,0.00194843452202442,2,2.68
"1132",2021-06-18,2.66,4166.450195,-0.0131244687881766,2,2.69
"1133",2021-06-25,2.64,4280.700195,0.00333059733425856,1,2.66
"1134",2021-07-02,2.66,4352.339844,0.00750008181653117,2,2.64
"1135",2021-07-09,2.73,4369.549805,0.011277947932318,2,2.66
"1136",2021-07-16,2.71,4327.160156,-0.00753885423285006,2,2.73
"1137",2021-07-23,2.79,4411.790039,0.0101454521149289,2,2.71
"1138",2021-07-30,2.91,4395.259766,-0.00540604788925303,2,2.79
"1139",2021-08-06,2.91,4436.52002,0.00167526626985715,2,2.91
"1140",2021-08-13,2.83,4468,0.0016073066838751,2,2.91
"1141",2021-08-20,2.81,4441.669922,0.00814156761260287,2,2.83
"1142",2021-08-27,2.78,4509.370117,0.00880763243847893,2,2.81
"1143",2021-09-03,2.73,4535.430176,-0.000335031008644404,2,2.78
"1144",2021-09-10,2.7,4458.580078,-0.00772257875323912,2,2.73
"1145",2021-09-17,2.72,4432.990234,-0.00911087253422749,2,2.7
"1146",2021-09-24,2.83,4455.47998,0.00146100904684232,2,2.72
"1147",2021-10-01,2.87,4357.040039,0.0114914776303487,2,2.83
"1148",2021-10-08,3.01,4391.339844,-0.0019137231230365,2,2.87
"1149",2021-10-15,3.17,4471.370117,0.00746021025034338,2,3.01
"1150",2021-10-22,3.04,4544.899902,-0.00107255366866066,2,3.17
"1151",2021-10-29,3.07,4605.379883,0.00194933473269354,2,3.04
"1152",2021-11-05,3.14,4697.529785,0.00373279953243433,2,3.07
"1153",2021-11-12,3.24,4682.850098,0.00722265599880134,2,3.14
"1154",2021-11-19,3.08,4697.959961,-0.00139866553275192,2,3.24
"1155",2021-11-26,3.11,4594.620117,-0.0227248226904552,2,3.08
"1156",2021-12-03,3.24,4538.430176,-0.00844856375697289,2,3.11
"1157",2021-12-10,3.09,4712.02002,0.00954907350650358,2,3.24
"1158",2021-12-17,3.06,4620.640137,-0.0102876806033493,2,3.09
"1159",2021-12-31,3,4766.180176,-0.00262617977004853,2,3.06
"1160",2022-01-07,2.76,4677.029785,-0.00405021683964013,2,3
"1161",2022-01-14,2.87,4662.850098,0.000819980377094742,2,2.76
"1162",2022-01-21,2.95,4397.939941,-0.0189148218559442,2,2.87
"1163",2022-01-28,2.95,4431.850098,0.0243476468787427,2,2.95
"1164",2022-02-04,2.93,4500.529785,0.0051569299207268,2,2.95
"1165",2022-02-11,2.91,4418.640137,-0.0189694542548938,2,2.93
"1166",2022-02-18,2.99,4348.870117,-0.00716616152394645,2,2.91
"1167",2022-02-25,3.22,4384.649902,0.0223726776499469,2,2.99
"1168",2022-03-04,3.75,4328.870117,-0.00793404250804597,3,3.22
"1169",2022-03-11,3.89,4204.310059,-0.0129615451367217,3,3.75
"1170",2022-03-18,3.9,4463.120117,0.0116622947567835,3,3.89
"1171",2022-03-25,3.68,4543.060059,0.00506617071291227,3,3.9
"1172",2022-04-01,3.35,4545.859863,0.00341022257764867,2,3.68
"1173",2022-04-08,2.92,4488.279785,-0.00265102653062632,2,3.35
"1174",2022-04-22,3,4271.779785,-0.0277400542309946,2,2.92
"1175",2022-04-29,3.14,4131.930176,-0.0362845070553937,2,3
"1176",2022-05-06,3.03,4123.339844,-0.00567422473723944,2,3.14
"1177",2022-05-13,3.24,4023.889893,0.0238696955629818,2,3.03
"1178",2022-05-20,3.32,3901.360107,0.00014614167753213,2,3.24
"1179",2022-05-27,3.3,4158.240234,0.0247422628350751,2,3.32
"1180",2022-06-03,3.15,4108.540039,-0.0163473139558629,2,3.3
"1181",2022-06-10,3.06,3900.860107,-0.0291103033536841,2,3.15
"1182",2022-06-17,3.18,3674.840088,0.0022008655999648,2,3.06
"1183",2022-06-24,3.39,3911.73999,0.0305632936513571,2,3.18
"1184",2022-07-01,3.56,3825.330078,0.01055381394597,3,3.39
"1185",2022-07-08,3.7,3899.379883,-0.00083027143376968,3,3.56
"1186",2022-07-15,3.79,3863.159912,0.0192012492801634,3,3.7
"1187",2022-07-22,3.85,3961.629883,-0.0093324668868805,3,3.79
"1188",2022-07-29,3.78,4130.290039,0.0142077599777353,3,3.85
"1189",2022-08-05,3.56,4145.189941,-0.00162574605989463,3,3.78
"1190",2022-08-12,3.39,4280.149902,0.017322368579519,2,3.56
"1191",2022-08-19,3.32,4228.47998,-0.0129000011628623,2,3.39
"1192",2022-08-26,3.33,4057.659912,-0.033688058702418,2,3.32
"1193",2022-09-02,3.34,3924.26001,-0.0107365004847229,2,3.33
"1194",2022-09-09,3.35,4067.360107,0.0152714496199517,2,3.34
"1195",2022-09-16,3.25,3873.330078,-0.0071821342089663,2,3.35
"1196",2022-09-23,3.29,3693.22998,-0.0172326190789028,2,3.25
"1197",2022-09-30,3.52,3585.620117,-0.0150666959038075,3,3.29
"1198",2022-10-07,3.55,3639.659912,-0.0280036179376603,3,3.52
"1199",2022-10-14,3.56,3583.070068,-0.0236626636844812,3,3.55
"1200",2022-10-21,3.67,3752.75,0.0237248199051716,3,3.56
"1201",2022-10-28,3.79,3901.060059,0.0246263779563753,3,3.67
"1202",2022-11-04,3.66,3770.550049,0.0136187246013197,3,3.79
"1203",2022-11-11,3.71,3992.929932,0.00924074692681232,3,3.66
"1204",2022-11-18,3.48,3965.340088,0.00475858183310107,3,3.71
"1205",2022-11-25,3.43,4026.120117,-0.000283044302371693,2,3.48
"1206",2022-12-02,3.23,4071.699951,-0.00119466044217642,2,3.43
"1207",2022-12-09,3.09,3934.379883,-0.0073495782592965,2,3.23
"1208",2022-12-16,3.06,3852.360107,-0.0111377508823718,2,3.09
"1209",2022-12-23,3.02,3844.820068,0.00586810232024648,2,3.06
"1210",2022-12-30,2.96,3839.5,-0.00254074240541569,2,3.02
