Date,P_I,EU_H,C_H,SO_I,CFNAI,CFNAI_MA3,DIFFUSION,Dates_SP500,SP500 Values
30-11-1984,0.04,0.11,0.18,0.06,0.39,0.15,0.28,"Jan 01, 1985",179.63
31-12-1984,0.01,0.05,0.01,-0.02,0.05,0.19,0.33,"Feb 01, 1985",181.18
31-01-1985,-0.16,0,0.1,-0.05,-0.11,0.11,0.15,"Mar 01, 1985",180.66
28-02-1985,-0.05,0,0.05,-0.04,-0.04,-0.03,-0.01,"Apr 01, 1985",179.83
31-03-1985,0.08,0.13,0.05,0.09,0.35,0.07,0.07,"Apr 30, 1985",189.55
30-04-1985,-0.2,-0.05,0.08,-0.12,-0.29,0.01,0.05,"May 31, 1985",191.85
31-05-1985,0,0.07,0.14,0.16,0.37,0.14,0.13,"Jun 30, 1985",190.92
30-06-1985,-0.07,-0.07,-0.03,-0.35,-0.53,-0.15,-0.13,"Jul 31, 1985",188.63
31-07-1985,-0.27,0,0.08,-0.04,-0.23,-0.13,-0.14,"Aug 31, 1985",182.08
31-08-1985,0.06,0.06,0.15,0.25,0.53,-0.08,-0.07,"Sep 30, 1985",189.82
30-09-1985,0.04,0.06,0.21,-0.06,0.25,0.18,0.11,"Nov 01, 1985",202.17
31-10-1985,-0.15,0.04,-0.17,-0.12,-0.41,0.12,0.15,"Dec 01, 1985",211.28
30-11-1985,0.12,0.06,0.05,0.06,0.29,0.05,0.11,"Jan 01, 1986",211.78
31-12-1985,0.19,0.04,0.15,-0.1,0.28,0.06,0.16,"Feb 01, 1986",226.92
31-01-1986,0.24,0.04,0.1,0.2,0.58,0.39,0.36,"Mar 01, 1986",238.9
28-02-1986,-0.29,-0.12,0.01,-0.14,-0.54,0.11,0.02,"Apr 01, 1986",235.52
31-03-1986,-0.22,-0.01,0.09,-0.07,-0.22,-0.06,-0.2,"Apr 30, 1986",247.35
30-04-1986,0.04,0.01,0.16,0.28,0.48,-0.09,-0.23,"May 31, 1986",250.84
31-05-1986,0.02,-0.02,0.12,-0.25,-0.13,0.04,-0.03,"Jun 30, 1986",236.12
30-06-1986,-0.18,-0.07,0.02,0.1,-0.13,0.07,0.03,"Jul 31, 1986",252.93
31-07-1986,0.1,0.07,0.1,0.03,0.31,0.01,0.06,"Aug 31, 1986",231.32
31-08-1986,-0.01,0.04,0.11,-0.05,0.09,0.09,0.08,"Sep 30, 1986",243.98
30-09-1986,0.02,0.04,0.33,0.28,0.67,0.35,0.29,"Nov 01, 1986",249.22
31-10-1986,0.09,0,-0.2,-0.16,-0.28,0.16,0.17,"Dec 01, 1986",242.17
30-11-1986,0.06,0.06,-0.03,-0.08,0.01,0.13,0.22,"Jan 01, 1987",274.08
31-12-1986,0.29,0.07,0.32,0.25,0.93,0.22,0.3,"Feb 01, 1987",284.2
31-01-1987,-0.21,0,-0.37,-0.41,-0.99,-0.01,0.14,"Mar 01, 1987",291.7
28-02-1987,0.46,0.18,0.3,0.52,1.46,0.47,0.36,"Apr 01, 1987",288.36
31-03-1987,-0.02,0.08,0.06,-0.01,0.11,0.19,0.18,"Apr 30, 1987",290.1
30-04-1987,0.15,0.1,0.07,-0.09,0.23,0.6,0.46,"May 31, 1987",304
31-05-1987,0.25,0.16,0.02,-0.02,0.4,0.25,0.35,"Jun 30, 1987",318.66
30-06-1987,0.11,0.02,0.08,0.07,0.28,0.31,0.51,"Jul 31, 1987",329.8
31-07-1987,0.26,0.16,0.06,0.16,0.64,0.44,0.64,"Aug 31, 1987",321.83
31-08-1987,0.23,0.11,0.12,-0.15,0.3,0.41,0.62,"Sep 30, 1987",251.79
30-09-1987,0.15,0.08,-0.05,0.25,0.44,0.46,0.6,"Nov 01, 1987",230.3
31-10-1987,0.49,0.19,-0.03,0.01,0.67,0.47,0.52,"Dec 01, 1987",247.08
30-11-1987,0.16,0.12,0.04,-0.08,0.23,0.45,0.5,"Jan 01, 1988",257.07
31-12-1987,0.23,0.08,0.08,0.12,0.52,0.47,0.54,"Feb 01, 1988",267.82
31-01-1988,-0.09,-0.02,0.03,-0.06,-0.15,0.2,0.29,"Mar 01, 1988",258.89
29-02-1988,0.13,0.14,0.02,0.19,0.49,0.29,0.38,"Apr 01, 1988",261.33
31-03-1988,0.04,0.06,0.11,0.2,0.41,0.25,0.32,"Apr 30, 1988",262.16
30-04-1988,0.22,0.14,-0.04,-0.07,0.24,0.38,0.5,"May 31, 1988",273.5
31-05-1988,-0.13,0.01,0.06,0.03,-0.04,0.21,0.34,"Jun 30, 1988",272.02
30-06-1988,0.06,0.13,0.03,0.19,0.42,0.21,0.36,"Jul 31, 1988",261.52
31-07-1988,-0.02,0.05,0,-0.06,-0.02,0.12,0.21,"Aug 31, 1988",271.91
31-08-1988,0.1,-0.09,0.04,-0.02,0.03,0.14,0.17,"Sep 30, 1988",278.97
30-09-1988,-0.08,0.07,-0.04,0.08,0.03,0.01,0.04,"Nov 01, 1988",273.7
31-10-1988,0.16,0.13,0.11,0.06,0.46,0.17,0.31,"Dec 01, 1988",277.72
30-11-1988,0.05,0.08,0.05,0.05,0.23,0.24,0.47,"Jan 01, 1989",297.47
31-12-1988,0.14,0.07,0.06,0.25,0.52,0.41,0.6,"Feb 01, 1989",288.86
31-01-1989,0.15,0.08,0.04,-0.04,0.23,0.33,0.48,"Mar 01, 1989",294.87
28-02-1989,-0.27,0.07,-0.08,-0.19,-0.46,0.1,0.22,"Apr 01, 1989",309.64
31-03-1989,-0.01,0.01,-0.01,-0.17,-0.17,-0.13,-0.03,"Apr 30, 1989",320.52
30-04-1989,-0.06,0,0.05,0.12,0.11,-0.17,-0.11,"May 31, 1989",317.98
31-05-1989,-0.34,-0.06,-0.03,-0.16,-0.59,-0.22,-0.24,"Jun 30, 1989",346.08
30-06-1989,-0.05,-0.05,0,-0.1,-0.21,-0.23,-0.3,"Jul 31, 1989",351.45
31-07-1989,-0.53,-0.04,0.02,-0.27,-0.82,-0.54,-0.53,"Aug 31, 1989",349.15
31-08-1989,0.26,-0.04,0.1,0.32,0.64,-0.13,-0.21,"Sep 30, 1989",340.36
30-09-1989,-0.19,-0.09,-0.06,-0.17,-0.5,-0.23,-0.3,"Nov 01, 1989",345.99
31-10-1989,-0.13,-0.01,-0.06,-0.2,-0.41,-0.09,-0.22,"Dec 01, 1989",353.4
30-11-1989,0.01,-0.01,0,0.12,0.12,-0.27,-0.22,"Jan 01, 1990",329.08
31-12-1989,0.04,-0.07,0.03,-0.01,-0.01,-0.1,-0.02,"Feb 01, 1990",331.89
31-01-1990,-0.21,0.14,0.12,-0.28,-0.22,-0.04,0.01,"Mar 01, 1990",339.94
28-02-1990,0.3,0.05,-0.1,0.27,0.52,0.1,0.03,"Apr 01, 1990",330.8
31-03-1990,0.1,-0.04,-0.01,0.09,0.15,0.15,0.09,"Apr 30, 1990",361.23
30-04-1990,-0.17,-0.17,-0.04,-0.29,-0.67,0,-0.08,"May 31, 1990",358.02
31-05-1990,0.01,-0.06,-0.07,0.12,0,-0.18,-0.17,"Jun 30, 1990",356.15
30-06-1990,0.05,-0.05,-0.02,-0.04,-0.06,-0.24,-0.26,"Jul 31, 1990",322.56
31-07-1990,-0.15,-0.19,-0.04,-0.19,-0.57,-0.21,-0.25,"Aug 31, 1990",306.05
31-08-1990,-0.02,-0.23,-0.08,0.11,-0.22,-0.28,-0.33,"Sep 30, 1990",304
30-09-1990,-0.12,-0.18,-0.08,-0.4,-0.78,-0.52,-0.53,"Nov 01, 1990",322.22
31-10-1990,-0.4,-0.24,-0.15,-0.13,-0.93,-0.64,-0.56,"Dec 01, 1990",330.22
30-11-1990,-0.54,-0.36,-0.07,-0.38,-1.35,-1.02,-0.78,"Jan 01, 1991",343.93
31-12-1990,-0.4,-0.16,-0.18,-0.19,-0.92,-1.07,-0.82,"Feb 01, 1991",367.07
31-01-1991,-0.34,-0.26,-0.27,-0.19,-1.06,-1.11,-0.8,"Mar 01, 1991",375.22
28-02-1991,-0.39,-0.4,-0.01,-0.04,-0.83,-0.94,-0.73,"Apr 01, 1991",375.34
31-03-1991,-0.36,-0.26,0.02,-0.25,-0.85,-0.91,-0.71,"Apr 30, 1991",389.83
30-04-1991,0.01,-0.18,-0.14,0.31,0.01,-0.56,-0.48,"May 31, 1991",371.16
31-05-1991,0.19,-0.23,-0.07,0.09,-0.02,-0.29,-0.27,"Jun 30, 1991",387.81
30-06-1991,0.25,-0.01,-0.08,-0.14,0.03,0.01,-0.03,"Jul 31, 1991",395.43
31-07-1991,0.02,-0.12,-0.03,0.28,0.14,0.05,0,"Aug 31, 1991",387.86
31-08-1991,0,-0.09,-0.12,-0.13,-0.33,-0.05,-0.2,"Sep 30, 1991",392.45
30-09-1991,0.31,-0.04,-0.07,0.06,0.26,0.02,-0.13,"Nov 01, 1991",375.22
31-10-1991,-0.1,-0.14,-0.13,-0.01,-0.39,-0.15,-0.36,"Dec 01, 1991",417.09
30-11-1991,-0.12,-0.12,-0.04,-0.08,-0.36,-0.16,-0.36,"Jan 01, 1992",408.78
31-12-1991,-0.22,-0.15,-0.05,-0.35,-0.77,-0.51,-0.65,"Feb 01, 1992",412.7
31-01-1992,-0.28,-0.14,0.11,0.24,-0.08,-0.4,-0.5,"Mar 01, 1992",403.69
29-02-1992,0.24,-0.12,-0.02,0,0.11,-0.25,-0.31,"Apr 01, 1992",414.95
31-03-1992,0.31,0.01,-0.06,0.15,0.42,0.15,0.02,"Apr 30, 1992",415.35
30-04-1992,0.18,-0.02,-0.06,0.1,0.2,0.24,0.23,"May 31, 1992",408.14
31-05-1992,0.15,0,0,-0.18,-0.03,0.2,0.25,"Jun 30, 1992",424.21
30-06-1992,-0.02,-0.09,-0.04,0.17,0.03,0.07,0.09,"Jul 31, 1992",414.03
31-07-1992,0.27,-0.05,-0.03,0.2,0.39,0.13,0.04,"Aug 31, 1992",417.8
31-08-1992,-0.22,-0.02,-0.03,-0.33,-0.59,-0.06,-0.15,"Sep 30, 1992",418.68
30-09-1992,-0.02,-0.08,0.01,0.17,0.08,-0.04,-0.14,"Nov 01, 1992",431.35
31-10-1992,0.15,0.04,0.01,-0.01,0.19,-0.11,-0.14,"Dec 01, 1992",435.71
30-11-1992,0.08,0.05,-0.05,0.01,0.1,0.12,0.14,"Jan 01, 1993",438.78
31-12-1992,0.1,0.04,0.04,0.25,0.43,0.24,0.3,"Feb 01, 1993",443.38
31-01-1993,0.08,0.15,-0.03,0.02,0.21,0.25,0.36,"Mar 01, 1993",451.67
28-02-1993,0.11,0.1,-0.07,-0.01,0.13,0.26,0.35,"Apr 01, 1993",440.19
31-03-1993,-0.1,-0.11,-0.12,-0.14,-0.48,-0.05,0.08,"Apr 30, 1993",450.19
30-04-1993,0.07,0.08,0.08,0,0.22,-0.04,-0.01,"May 31, 1993",450.53
31-05-1993,-0.18,0.1,0.01,-0.02,-0.09,-0.12,-0.15,"Jun 30, 1993",448.13
30-06-1993,-0.06,-0.03,-0.02,0.12,0.01,0.05,-0.01,"Jul 31, 1993",463.56
31-07-1993,0.03,0.09,0.03,-0.16,-0.01,-0.03,0,"Aug 31, 1993",458.93
31-08-1993,-0.1,0.07,-0.04,0.05,-0.02,-0.01,0.04,"Sep 30, 1993",467.83
30-09-1993,0.14,0.08,0.04,0.1,0.35,0.11,0.25,"Nov 01, 1993",461.79
31-10-1993,0.19,0.09,0,0.06,0.34,0.23,0.34,"Dec 01, 1993",466.45
30-11-1993,0.11,0.12,0.02,0.03,0.28,0.32,0.53,"Jan 01, 1994",481.61
31-12-1993,0.28,0.12,0.05,0.02,0.47,0.36,0.62,"Feb 01, 1994",467.14
31-01-1994,-0.06,0.09,-0.03,0.06,0.07,0.27,0.56,"Mar 01, 1994",445.77
28-02-1994,0.01,0.01,0.07,0.09,0.19,0.24,0.44,"Apr 01, 1994",450.91
31-03-1994,0.39,0.25,0.05,0.26,0.95,0.4,0.44,"Apr 30, 1994",456.5
30-04-1994,0.21,0.1,0.03,-0.09,0.25,0.46,0.44,"May 31, 1994",444.27
31-05-1994,0.18,0.2,-0.04,0.05,0.4,0.53,0.59,"Jun 30, 1994",458.26
30-06-1994,0.15,0.05,0.05,0.16,0.4,0.35,0.53,"Jul 31, 1994",475.49
31-07-1994,0.03,0.1,-0.01,-0.08,0.04,0.28,0.4,"Aug 31, 1994",462.71
31-08-1994,0.25,0.07,0.07,0.38,0.77,0.4,0.43,"Sep 30, 1994",472.35
30-09-1994,0.07,0.11,0.02,-0.09,0.12,0.31,0.32,"Nov 01, 1994",453.69
31-10-1994,0.31,0.12,0.06,0.1,0.59,0.49,0.58,"Dec 01, 1994",459.27
30-11-1994,0.21,0.12,0.01,0.15,0.49,0.4,0.51,"Jan 01, 1995",470.42
31-12-1994,0.3,0.11,0.02,0.15,0.57,0.55,0.69,"Feb 01, 1995",487.39
31-01-1995,0.04,0.04,-0.01,0.04,0.1,0.39,0.52,"Mar 01, 1995",500.71
28-02-1995,-0.09,-0.03,-0.09,-0.06,-0.27,0.13,0.24,"Apr 01, 1995",514.71
31-03-1995,0.01,-0.03,0.03,-0.09,-0.08,-0.08,-0.04,"Apr 30, 1995",533.4
30-04-1995,-0.17,-0.14,-0.05,-0.18,-0.54,-0.3,-0.29,"May 31, 1995",544.75
31-05-1995,0.05,-0.13,0.05,0.03,0,-0.21,-0.19,"Jun 30, 1995",562.06
30-06-1995,0.04,0.04,0.06,0.05,0.2,-0.11,-0.05,"Jul 31, 1995",561.88
31-07-1995,-0.26,-0.03,-0.04,-0.25,-0.58,-0.12,-0.05,"Aug 31, 1995",584.41
31-08-1995,0.32,0.05,0.04,0.3,0.72,0.11,0.09,"Sep 30, 1995",581.5
30-09-1995,0.13,0.04,0.01,-0.06,0.12,0.08,0.04,"Nov 01, 1995",605.37
31-10-1995,-0.19,0.03,-0.06,-0.07,-0.29,0.18,0.06,"Dec 01, 1995",615.93
30-11-1995,-0.05,-0.08,0.09,0.05,0.01,-0.06,-0.03,"Jan 01, 1996",636.02
31-12-1995,-0.01,-0.01,0.06,0.04,0.07,-0.07,-0.02,"Feb 01, 1996",640.43
31-01-1996,-0.35,-0.16,-0.09,-0.27,-0.86,-0.26,-0.11,"Mar 01, 1996",645.5
29-02-1996,0.38,0.22,0.09,0,0.7,-0.03,0.03,"Apr 01, 1996",654.17
31-03-1996,-0.17,-0.02,0.04,0.02,-0.13,-0.1,-0.07,"Apr 30, 1996",669.12
30-04-1996,0.28,0.01,0.04,0.06,0.39,0.32,0.26,"May 31, 1996",670.63
31-05-1996,0.17,0.09,0.03,0.09,0.37,0.21,0.24,"Jun 30, 1996",639.95
30-06-1996,0.24,0.17,0,-0.08,0.34,0.37,0.42,"Jul 31, 1996",651.99
31-07-1996,-0.06,0,0.02,0.08,0.03,0.25,0.39,"Aug 31, 1996",687.33
31-08-1996,0.07,0.09,0.04,-0.02,0.18,0.18,0.35,"Sep 30, 1996",705.27
30-09-1996,0.2,0.04,0.03,0.03,0.3,0.17,0.35,"Nov 01, 1996",757.02
31-10-1996,-0.1,0.02,0.03,0.07,0.02,0.17,0.32,"Dec 01, 1996",740.74
30-11-1996,0.27,0.08,0.01,0.1,0.46,0.26,0.39,"Jan 01, 1997",786.16
31-12-1996,0.19,0.02,0.01,-0.18,0.04,0.17,0.31,"Feb 01, 1997",790.82
31-01-1997,-0.01,0.03,0.04,0.2,0.26,0.25,0.4,"Mar 01, 1997",757.12
28-02-1997,0.37,0.12,0.02,0.26,0.77,0.36,0.44,"Apr 01, 1997",801.34
31-03-1997,0.21,0.12,0.03,-0.08,0.27,0.44,0.54,"Apr 30, 1997",848.28
30-04-1997,-0.09,0.07,-0.03,0.11,0.06,0.37,0.46,"May 31, 1997",885.14
31-05-1997,0.19,0.06,-0.02,-0.05,0.17,0.17,0.36,"Jun 30, 1997",954.31
30-06-1997,0.09,0.04,0.08,0.17,0.38,0.2,0.4,"Jul 31, 1997",899.47
31-07-1997,0.28,0.08,0.09,0.15,0.6,0.38,0.6,"Aug 31, 1997",947.28
31-08-1997,0.33,0,0.04,-0.09,0.27,0.42,0.58,"Sep 30, 1997",914.62
30-09-1997,0.25,0.21,0.01,0.14,0.61,0.49,0.6,"Nov 01, 1997",955.4
31-10-1997,0.3,0.13,0.03,-0.06,0.4,0.43,0.51,"Dec 01, 1997",970.43
30-11-1997,0.22,0.17,0.06,0.16,0.6,0.54,0.62,"Jan 01, 1998",980.28
31-12-1997,0.09,0.02,0.05,-0.14,0.03,0.34,0.46,"Feb 01, 1998","1,049.34"
31-01-1998,0.16,0.11,0.01,0.01,0.29,0.31,0.43,"Mar 01, 1998","1,101.75"
28-02-1998,-0.03,0.04,0.07,0.21,0.3,0.21,0.31,"Apr 01, 1998","1,111.75"
31-03-1998,-0.07,-0.01,0.07,0,-0.02,0.19,0.2,"Apr 30, 1998","1,090.82"
30-04-1998,0.1,0.04,0.09,-0.04,0.19,0.16,0.22,"May 31, 1998","1,133.84"
31-05-1998,0.1,0.1,0.07,0,0.28,0.15,0.22,"Jun 30, 1998","1,120.67"
30-06-1998,-0.28,-0.04,0.08,-0.2,-0.45,0.01,0.17,"Jul 31, 1998",957.28
31-07-1998,-0.25,-0.12,0.01,-0.11,-0.47,-0.21,-0.13,"Aug 31, 1998","1,017.01"
31-08-1998,0.65,0.16,0.04,0.18,1.03,0.04,-0.14,"Sep 30, 1998","1,098.67"
30-09-1998,-0.17,-0.03,0.1,0.06,-0.04,0.17,0.03,"Nov 01, 1998","1,163.63"
31-10-1998,0.14,-0.02,0.11,0.03,0.26,0.42,0.29,"Dec 01, 1998","1,229.23"
30-11-1998,-0.11,0.07,0.06,0.01,0.04,0.09,0.18,"Jan 01, 1999","1,279.64"
31-12-1998,0.03,0.03,0.13,0.03,0.22,0.17,0.2,"Feb 01, 1999","1,238.33"
31-01-1999,0.08,0.02,0.01,-0.03,0.09,0.12,0.09,"Mar 01, 1999","1,286.37"
28-02-1999,0.18,0.01,0.1,0.19,0.49,0.27,0.25,"Apr 01, 1999","1,335.18"
31-03-1999,-0.06,-0.05,0.07,-0.08,-0.12,0.15,0.09,"Apr 30, 1999","1,301.84"
30-04-1999,-0.01,0.01,0.04,-0.06,-0.01,0.12,0.07,"May 31, 1999","1,372.71"
31-05-1999,0.19,0.06,0.08,0.2,0.53,0.13,0.14,"Jun 30, 1999","1,328.72"
30-06-1999,-0.1,-0.03,0.05,-0.01,-0.09,0.14,0.22,"Jul 31, 1999","1,320.41"
31-07-1999,0.08,0.05,0.04,-0.01,0.16,0.2,0.34,"Aug 31, 1999","1,282.71"
31-08-1999,0.15,0.02,0.08,0.09,0.34,0.14,0.21,"Sep 30, 1999","1,362.93"
30-09-1999,-0.19,-0.03,0.05,-0.04,-0.2,0.1,0.14,"Nov 01, 1999","1,388.91"
31-10-1999,0.46,0.09,0.03,0.17,0.76,0.3,0.29,"Dec 01, 1999","1,469.25"
30-11-1999,0.18,0.07,0.09,0.01,0.35,0.3,0.33,"Jan 01, 2000","1,394.46"
31-12-1999,0.27,0.07,0.17,0.05,0.57,0.56,0.61,"Feb 01, 2000","1,366.42"
31-01-2000,-0.11,0.13,-0.04,0.18,0.17,0.36,0.47,"Mar 01, 2000","1,498.58"
29-02-2000,0.12,-0.02,0.13,-0.44,-0.21,0.18,0.33,"Apr 01, 2000","1,452.43"
31-03-2000,0.11,0.05,0.06,0.21,0.43,0.13,0.31,"Apr 30, 2000","1,420.60"
30-04-2000,0.18,0.11,-0.03,0.16,0.43,0.22,0.42,"May 31, 2000","1,454.60"
31-05-2000,0,-0.24,0.05,-0.18,-0.37,0.16,0.33,"Jun 30, 2000","1,430.83"
30-06-2000,-0.04,0,0.02,0.14,0.11,0.06,0.13,"Jul 31, 2000","1,517.68"
31-07-2000,-0.09,0.01,-0.01,-0.2,-0.28,-0.18,-0.19,"Aug 31, 2000","1,436.51"
31-08-2000,-0.23,-0.15,0.06,-0.07,-0.39,-0.19,-0.28,"Sep 30, 2000","1,429.40"
30-09-2000,0.09,0.01,0.09,0.15,0.35,-0.11,-0.14,"Nov 01, 2000","1,314.95"
31-10-2000,-0.24,-0.04,0,-0.24,-0.52,-0.19,-0.22,"Dec 01, 2000","1,320.28"
30-11-2000,-0.13,-0.07,0,-0.17,-0.37,-0.18,-0.18,"Jan 01, 2001","1,366.01"
31-12-2000,-0.27,-0.08,0.03,0.05,-0.26,-0.38,-0.43,"Feb 01, 2001","1,239.94"
31-01-2001,-0.29,-0.15,0.02,-0.29,-0.71,-0.45,-0.42,"Mar 01, 2001","1,160.33"
28-02-2001,-0.39,-0.19,0.03,0.01,-0.55,-0.51,-0.45,"Apr 01, 2001","1,249.46"
31-03-2001,-0.21,-0.18,-0.02,-0.26,-0.68,-0.65,-0.54,"Apr 30, 2001","1,255.82"
30-04-2001,-0.26,-0.34,0.06,-0.32,-0.86,-0.69,-0.57,"May 31, 2001","1,224.38"
31-05-2001,-0.33,-0.27,0.03,0.12,-0.45,-0.66,-0.57,"Jun 30, 2001","1,211.23"
30-06-2001,-0.32,-0.29,0.01,-0.31,-0.9,-0.74,-0.63,"Jul 31, 2001","1,133.58"
31-07-2001,-0.3,-0.22,0.03,-0.01,-0.5,-0.62,-0.58,"Aug 31, 2001","1,040.94"
31-08-2001,-0.19,-0.4,0.08,0.07,-0.44,-0.61,-0.51,"Sep 30, 2001","1,059.78"
30-09-2001,-0.27,-0.25,-0.13,-0.4,-1.05,-0.66,-0.49,"Nov 01, 2001","1,139.45"
31-10-2001,-0.26,-0.47,0.38,0.14,-0.2,-0.57,-0.44,"Dec 01, 2001","1,148.08"
30-11-2001,-0.29,-0.34,-0.08,-0.06,-0.77,-0.67,-0.55,"Jan 01, 2002","1,130.20"
31-12-2001,-0.07,-0.22,-0.04,0.02,-0.31,-0.43,-0.38,"Feb 01, 2002","1,106.73"
31-01-2002,0.15,-0.22,0.06,-0.04,-0.05,-0.38,-0.29,"Mar 01, 2002","1,147.39"
28-02-2002,-0.1,-0.14,0.08,0.05,-0.1,-0.15,-0.12,"Apr 01, 2002","1,076.92"
31-03-2002,0.19,-0.11,-0.01,-0.1,-0.02,-0.06,-0.1,"Apr 30, 2002","1,067.14"
30-04-2002,0.06,-0.14,0.07,0.18,0.17,0.02,-0.08,"May 31, 2002",989.82
31-05-2002,0.13,-0.13,-0.04,0.08,0.04,0.06,0,"Jun 30, 2002",911.62
30-06-2002,0.26,-0.03,0.08,-0.02,0.29,0.17,0.12,"Jul 31, 2002",916.07
31-07-2002,-0.11,-0.17,0.1,-0.1,-0.27,0.02,-0.05,"Aug 31, 2002",815.28
31-08-2002,-0.1,-0.13,0.05,0.11,-0.07,-0.02,-0.15,"Sep 30, 2002",885.76
30-09-2002,-0.03,-0.08,-0.05,-0.16,-0.33,-0.23,-0.38,"Nov 01, 2002",936.31
31-10-2002,-0.15,-0.14,0.05,-0.13,-0.37,-0.26,-0.38,"Dec 01, 2002",879.82
30-11-2002,0.1,-0.15,0.07,0.11,0.13,-0.19,-0.27,"Jan 01, 2003",855.7
31-12-2002,-0.28,-0.17,0.12,-0.25,-0.58,-0.27,-0.32,"Feb 01, 2003",841.15
31-01-2003,0.22,0,0.03,0.12,0.36,-0.03,-0.05,"Mar 01, 2003",848.18
28-02-2003,-0.08,-0.19,-0.06,-0.14,-0.47,-0.23,-0.3,"Apr 01, 2003",916.92
31-03-2003,-0.12,-0.21,0.11,0.04,-0.18,-0.1,-0.18,"Apr 30, 2003",963.59
30-04-2003,-0.34,-0.21,0.07,-0.17,-0.65,-0.43,-0.46,"May 31, 2003",974.5
31-05-2003,-0.05,-0.11,0.08,0.09,0.01,-0.27,-0.32,"Jun 30, 2003",990.31
30-06-2003,0.02,-0.11,0.11,0.11,0.13,-0.17,-0.21,"Jul 31, 2003","1,008.01"
31-07-2003,0.09,-0.16,0.09,0.09,0.11,0.08,0.04,"Aug 31, 2003",995.97
31-08-2003,-0.15,-0.06,0.14,-0.08,-0.15,0.03,-0.06,"Sep 30, 2003","1,050.71"
30-09-2003,0.22,-0.02,0,0.13,0.33,0.09,0.01,"Nov 01, 2003","1,058.20"
31-10-2003,-0.01,0.01,0.06,0.07,0.13,0.1,0,"Dec 01, 2003","1,111.92"
30-11-2003,0.27,0.04,0.14,0.03,0.48,0.31,0.3,"Jan 01, 2004","1,131.13"
31-12-2003,0.03,0,0.05,-0.04,0.03,0.21,0.09,"Feb 01, 2004","1,144.94"
31-01-2004,0.03,0.03,0.06,-0.07,0.05,0.19,0,"Mar 01, 2004","1,126.21"
29-02-2004,0.22,0.01,0.06,0.14,0.44,0.17,-0.06,"Apr 01, 2004","1,107.30"
31-03-2004,-0.09,0.04,0.14,0.42,0.52,0.34,0.15,"Apr 30, 2004","1,120.68"
30-04-2004,0.15,0.07,0.01,-0.16,0.07,0.34,0.25,"May 31, 2004","1,140.84"
31-05-2004,0.25,0.15,0.13,0.01,0.55,0.38,0.34,"Jun 30, 2004","1,101.72"
30-06-2004,-0.25,-0.04,-0.06,0.06,-0.3,0.11,0.18,"Jul 31, 2004","1,104.24"
31-07-2004,0.28,0.04,0.16,-0.03,0.45,0.23,0.25,"Aug 31, 2004","1,114.58"
31-08-2004,0.08,-0.01,0.09,0.14,0.3,0.15,0.17,"Sep 30, 2004","1,130.20"
30-09-2004,-0.02,0.03,0.13,0,0.15,0.3,0.25,"Nov 01, 2004","1,173.82"
31-10-2004,0.28,0.05,0.07,0.03,0.44,0.29,0.29,"Dec 01, 2004","1,211.92"
30-11-2004,-0.02,-0.08,0.04,0.07,0.01,0.2,0.13,"Jan 01, 2005","1,181.27"
31-12-2004,0.32,0.09,0.14,0.24,0.8,0.42,0.29,"Feb 01, 2005","1,203.60"
31-01-2005,0.05,0.02,0.03,0.08,0.17,0.33,0.16,"Mar 01, 2005","1,180.59"
28-02-2005,0.22,0.06,0.13,-0.04,0.38,0.45,0.34,"Apr 01, 2005","1,156.85"
31-03-2005,-0.15,-0.02,0.05,-0.18,-0.29,0.09,0.05,"Apr 30, 2005","1,191.50"
30-04-2005,0.05,0.1,0.12,0.25,0.53,0.21,0.18,"May 31, 2005","1,191.33"
31-05-2005,0.02,-0.03,0.03,-0.03,0,0.08,0.02,"Jun 30, 2005","1,234.18"
30-06-2005,0.05,0.06,0.21,0.06,0.37,0.3,0.23,"Jul 31, 2005","1,220.33"
31-07-2005,-0.15,0.09,0.13,-0.11,-0.05,0.11,0.08,"Aug 31, 2005","1,228.81"
31-08-2005,0.09,0.02,-0.03,0.14,0.22,0.18,0.27,"Sep 30, 2005","1,207.01"
30-09-2005,-0.51,-0.04,-0.01,-0.03,-0.6,-0.14,0.02,"Nov 01, 2005","1,249.48"
31-10-2005,0.43,0.08,0.09,0.01,0.61,0.08,0.09,"Dec 01, 2005","1,248.29"
30-11-2005,0.3,0.07,0.16,0.18,0.7,0.24,0.15,"Jan 01, 2006","1,280.08"
31-12-2005,0.08,0.03,0.09,0.08,0.29,0.53,0.4,"Feb 01, 2006","1,280.66"
31-01-2006,0.15,0.15,0.18,-0.01,0.46,0.48,0.49,"Mar 01, 2006","1,294.87"
28-02-2006,-0.09,0.06,0.06,0.06,0.09,0.28,0.33,"Apr 01, 2006","1,310.61"
31-03-2006,0.04,0.07,0.07,0.03,0.21,0.25,0.35,"Apr 30, 2006","1,270.09"
30-04-2006,0.07,0,0.05,-0.23,-0.11,0.06,0.14,"May 31, 2006","1,270.20"
31-05-2006,-0.1,-0.07,0.04,0.14,0.01,0.04,0.02,"Jun 30, 2006","1,276.66"
30-06-2006,0.05,-0.01,0.04,-0.08,0.01,-0.03,-0.07,"Jul 31, 2006","1,303.82"
31-07-2006,-0.14,-0.05,0.05,-0.14,-0.28,-0.09,-0.17,"Aug 31, 2006","1,335.85"
31-08-2006,0.15,-0.03,-0.02,0.08,0.18,-0.03,-0.01,"Sep 30, 2006","1,377.94"
30-09-2006,-0.08,-0.02,0.07,0,-0.02,-0.04,-0.15,"Nov 01, 2006","1,400.63"
31-10-2006,-0.14,-0.08,0.04,-0.1,-0.27,-0.04,-0.18,"Dec 01, 2006","1,418.30"
30-11-2006,-0.06,-0.07,0.01,-0.02,-0.14,-0.14,-0.33,"Jan 01, 2007","1,438.24"
31-12-2006,0.37,0.05,0.07,0.26,0.75,0.11,0,"Feb 01, 2007","1,406.82"
31-01-2007,-0.27,-0.04,-0.01,-0.18,-0.49,0.04,0,"Mar 01, 2007","1,420.86"
28-02-2007,0.21,-0.08,-0.03,0.08,0.19,0.15,0.1,"Mar 31, 2007","1,482.37"
31-03-2007,0.1,0.12,0,0.03,0.24,-0.02,-0.01,"Apr 30, 2007","1,530.62"
30-04-2007,0.17,-0.23,-0.02,-0.03,-0.11,0.1,0.12,"May 31, 2007","1,503.35"
31-05-2007,-0.06,0.04,0.02,0.04,0.04,0.06,0.06,"Jun 30, 2007","1,455.27"
30-06-2007,0.01,-0.01,-0.05,-0.01,-0.06,-0.04,-0.06,"Jul 31, 2007","1,473.99"
31-07-2007,-0.1,-0.15,-0.01,-0.13,-0.39,-0.13,-0.27,"Aug 31, 2007","1,526.75"
31-08-2007,-0.09,-0.18,0,0.18,-0.08,-0.18,-0.3,"Sep 30, 2007","1,549.38"
30-09-2007,0.08,-0.06,-0.05,-0.05,-0.08,-0.18,-0.33,"Oct 31, 2007","1,481.14"
31-10-2007,-0.19,-0.12,-0.03,0.08,-0.27,-0.14,-0.22,"Dec 01, 2007","1,468.36"
30-11-2007,0.09,-0.02,-0.05,-0.08,-0.06,-0.14,-0.21,"Jan 01, 2008","1,378.55"
31-12-2007,-0.06,-0.14,-0.14,-0.11,-0.45,-0.26,-0.39,"Feb 01, 2008","1,330.63"
31-01-2008,-0.14,-0.07,-0.09,0.04,-0.25,-0.26,-0.44,"Mar 01, 2008","1,322.70"
29-02-2008,-0.27,-0.16,-0.14,-0.21,-0.78,-0.49,-0.69,"Mar 31, 2008","1,385.59"
31-03-2008,-0.29,-0.15,-0.09,-0.27,-0.79,-0.61,-0.71,"Apr 30, 2008","1,400.38"
30-04-2008,-0.41,-0.26,-0.1,0.09,-0.67,-0.75,-0.74,"May 31, 2008","1,280.00"
31-05-2008,-0.27,-0.23,-0.08,-0.21,-0.79,-0.75,-0.71,"Jun 30, 2008","1,267.38"
30-06-2008,-0.27,-0.27,-0.13,-0.03,-0.7,-0.72,-0.72,"Jul 31, 2008","1,282.83"
31-07-2008,-0.36,-0.28,-0.2,-0.37,-1.21,-0.9,-0.83,"Aug 31, 2008","1,166.36"
31-08-2008,-0.58,-0.3,-0.13,-0.22,-1.23,-1.05,-0.85,"Sep 30, 2008",968.75
30-09-2008,-1.33,-0.46,-0.25,-0.45,-2.49,-1.64,-0.9,"Oct 31, 2008",896.24
31-10-2008,-0.13,-0.41,-0.27,-0.3,-1.1,-1.61,-0.81,"Dec 01, 2008",903.25
30-11-2008,-0.79,-0.62,-0.25,-0.64,-2.29,-1.96,-0.82,"Jan 01, 2009",825.88
31-12-2008,-1.28,-0.71,-0.25,-0.34,-2.59,-1.99,-0.78,"Feb 01, 2009",735.09
31-01-2009,-1.23,-0.88,-0.19,-0.65,-2.95,-2.61,-0.84,"Mar 01, 2009",797.87
28-02-2009,-0.29,-0.65,-0.3,0.05,-1.19,-2.24,-0.74,"Mar 31, 2009",872.81
31-03-2009,-0.73,-0.77,-0.33,-0.44,-2.27,-2.14,-0.78,"Apr 30, 2009",919.14
30-04-2009,-0.4,-0.66,-0.27,-0.24,-1.57,-1.67,-0.75,"May 31, 2009",919.32
31-05-2009,-0.47,-0.4,-0.21,-0.05,-1.13,-1.65,-0.76,"Jun 30, 2009",987.48
30-06-2009,-0.21,-0.38,-0.22,-0.07,-0.87,-1.19,-0.63,"Jul 31, 2009","1,020.62"
31-07-2009,0.39,-0.29,-0.17,0.23,0.15,-0.62,-0.36,"Aug 31, 2009","1,057.08"
31-08-2009,0.32,-0.22,-0.09,-0.01,0.01,-0.24,-0.14,"Sep 30, 2009","1,036.19"
30-09-2009,0.25,-0.18,-0.42,0.13,-0.22,-0.02,0.03,"Oct 31, 2009","1,095.63"
31-10-2009,0.03,-0.23,-0.21,0.09,-0.31,-0.18,0,"Dec 01, 2009","1,115.10"
30-11-2009,0.17,0,-0.22,0.11,0.05,-0.16,0.01,"Jan 01, 2010","1,073.87"
31-12-2009,0,-0.17,-0.17,0.05,-0.3,-0.19,0.02,"Feb 01, 2010","1,104.49"
31-01-2010,0.32,0.03,-0.24,0.06,0.16,-0.03,0.05,"Mar 01, 2010","1,169.43"
28-02-2010,-0.04,-0.19,-0.18,0.07,-0.35,-0.16,-0.11,"Mar 31, 2010","1,186.69"
31-03-2010,0.31,0.07,-0.08,0.17,0.47,0.1,0.08,"Apr 30, 2010","1,089.41"
30-04-2010,0.19,0.21,-0.16,0.14,0.38,0.17,0.23,"May 31, 2010","1,030.71"
31-05-2010,0.47,0.09,-0.23,-0.02,0.31,0.39,0.45,"Jun 30, 2010","1,101.60"
30-06-2010,0.02,-0.08,-0.22,0.12,-0.15,0.18,0.28,"Jul 31, 2010","1,049.33"
31-07-2010,0.11,0.08,-0.22,0.16,0.14,0.1,0.19,"Aug 31, 2010","1,141.20"
31-08-2010,0.04,-0.02,-0.19,0,-0.16,-0.06,0.05,"Sep 30, 2010","1,183.26"
30-09-2010,-0.01,0,-0.2,0,-0.2,-0.08,-0.01,"Oct 31, 2010","1,180.55"
31-10-2010,-0.04,0.09,-0.19,0.01,-0.13,-0.17,-0.07,"Dec 01, 2010","1,257.64"
30-11-2010,-0.02,-0.02,-0.2,0.04,-0.2,-0.18,-0.08,"Jan 01, 2011","1,286.12"
31-12-2010,0.24,0.03,-0.23,0.03,0.06,-0.09,0,"Feb 01, 2011","1,327.22"
31-01-2011,-0.01,0,-0.19,0.23,0.03,-0.04,-0.04,"Mar 01, 2011","1,325.83"
28-02-2011,-0.03,0.19,-0.25,-0.28,-0.37,-0.1,0.02,"Mar 31, 2011","1,363.61"
31-03-2011,0.22,0.1,-0.2,0.26,0.39,0.01,0.17,"Apr 30, 2011","1,345.20"
30-04-2011,-0.18,0.05,-0.25,-0.12,-0.5,-0.16,0.06,"May 31, 2011","1,320.64"
31-05-2011,0.01,0.06,-0.26,-0.13,-0.33,-0.15,0.02,"Jun 30, 2011","1,292.28"
30-06-2011,0.01,0.05,-0.18,0.1,-0.01,-0.28,-0.16,"Jul 31, 2011","1,218.89"
31-07-2011,0.16,0.1,-0.2,0.1,0.16,-0.06,0.09,"Aug 31, 2011","1,131.42"
31-08-2011,0.12,-0.02,-0.23,0.12,-0.01,0.04,0.18,"Sep 30, 2011","1,253.30"
30-09-2011,-0.03,0.13,-0.16,-0.2,-0.26,-0.04,0.17,"Oct 31, 2011","1,246.96"
31-10-2011,0.1,0.05,-0.17,0.19,0.16,-0.04,0.17,"Dec 01, 2011","1,257.60"
30-11-2011,-0.13,0.04,-0.18,-0.08,-0.35,-0.15,-0.01,"Jan 01, 2012","1,312.41"
31-12-2011,0.17,0.12,-0.17,0.14,0.25,0.02,0.16,"Feb 01, 2012","1,365.68"
31-01-2012,0.22,0.2,-0.14,0.06,0.34,0.08,0.23,"Mar 01, 2012","1,408.47"
29-02-2012,0.08,0.02,-0.12,0.02,-0.01,0.2,0.47,"Mar 31, 2012","1,397.91"
31-03-2012,-0.28,0.15,-0.19,-0.08,-0.4,-0.02,0.24,"Apr 30, 2012","1,310.33"
30-04-2012,0.23,-0.02,-0.18,0.03,0.06,-0.12,0.09,"May 31, 2012","1,362.16"
31-05-2012,-0.06,0.03,-0.17,0.02,-0.18,-0.17,-0.06,"Jun 30, 2012","1,379.32"
30-06-2012,-0.04,0.02,-0.18,-0.12,-0.33,-0.15,-0.1,"Jul 31, 2012","1,406.58"
31-07-2012,-0.11,-0.01,-0.14,0,-0.27,-0.26,-0.25,"Aug 31, 2012","1,440.67"
31-08-2012,-0.18,0.02,-0.14,-0.16,-0.46,-0.35,-0.36,"Sep 30, 2012","1,412.16"
30-09-2012,-0.12,0.09,-0.12,0.04,-0.11,-0.28,-0.29,"Oct 31, 2012","1,416.18"
31-10-2012,-0.04,0.01,-0.14,-0.09,-0.26,-0.28,-0.27,"Dec 01, 2012","1,426.19"
30-11-2012,0.14,-0.01,-0.08,0.22,0.27,-0.03,-0.02,"Jan 01, 2013","1,498.11"
31-12-2012,0.14,0.09,-0.09,0.01,0.15,0.05,0.14,"Feb 01, 2013","1,514.68"
31-01-2013,-0.3,0.01,-0.08,0.02,-0.36,0.02,0.17,"Mar 01, 2013","1,569.19"
28-02-2013,0.11,0.14,-0.1,0.07,0.23,0.01,0.21,"Mar 31, 2013","1,597.57"
31-03-2013,0.02,0.02,-0.12,-0.2,-0.28,-0.14,-0.02,"Apr 30, 2013","1,630.74"
30-04-2013,-0.13,-0.02,-0.13,-0.02,-0.3,-0.12,-0.09,"May 31, 2013","1,606.28"
31-05-2013,0.01,0.07,-0.08,0.14,0.14,-0.15,-0.13,"Jun 30, 2013","1,685.73"
30-06-2013,0,0.03,-0.14,-0.05,-0.16,-0.11,-0.06,"Jul 31, 2013","1,632.97"
31-07-2013,-0.26,-0.05,-0.09,-0.12,-0.52,-0.18,-0.07,"Aug 31, 2013","1,681.55"
31-08-2013,0.21,0.11,-0.13,0.07,0.27,-0.14,-0.06,"Sep 30, 2013","1,756.54"
30-09-2013,0.07,0.05,-0.11,0.08,0.09,-0.05,0.09,"Oct 31, 2013","1,805.81"
31-10-2013,-0.02,0.04,-0.08,0.04,-0.01,0.12,0.29,"Dec 01, 2013","1,848.36"
30-11-2013,-0.01,0.13,-0.06,0.21,0.27,0.12,0.28,"Jan 01, 2014","1,782.59"
31-12-2013,0.03,0.04,-0.09,-0.12,-0.14,0.04,0.11,"Feb 01, 2014","1,859.45"
31-01-2014,-0.34,0.03,-0.2,-0.22,-0.73,-0.2,-0.08,"Mar 01, 2014","1,872.34"
28-02-2014,0.27,0.06,-0.03,0.15,0.45,-0.14,-0.08,"Mar 31, 2014","1,883.95"
31-03-2014,0.27,0.12,-0.03,0.07,0.44,0.06,0.19,"Apr 30, 2014","1,923.57"
30-04-2014,-0.05,0.16,-0.06,-0.02,0.03,0.31,0.32,"May 31, 2014","1,960.23"
31-05-2014,0.06,0.11,-0.09,0.04,0.12,0.2,0.3,"Jun 30, 2014","1,930.67"
30-06-2014,0.06,0.14,-0.08,0.01,0.13,0.09,0.2,"Jul 31, 2014","2,003.37"
31-07-2014,0.11,0.04,-0.07,0.24,0.32,0.19,0.31,"Aug 31, 2014","1,972.29"
31-08-2014,-0.16,0.13,-0.03,-0.19,-0.25,0.07,0.17,"Sep 30, 2014","2,018.05"
30-09-2014,0.04,0.09,-0.1,-0.01,0.02,0.03,0.1,"Oct 31, 2014","2,067.56"
31-10-2014,-0.04,0.12,-0.04,-0.03,0.02,-0.07,0,"Dec 01, 2014","2,058.90"
30-11-2014,0.28,0.03,-0.05,-0.03,0.24,0.09,0.11,"Jan 01, 2015","1,994.99"
31-12-2014,-0.07,0.14,-0.06,0.07,0.07,0.11,0.12,"Feb 01, 2015","2,104.50"
31-01-2015,-0.21,0.04,-0.04,-0.07,-0.28,0.01,0.05,"Mar 01, 2015","2,067.89"
28-02-2015,-0.27,0.07,-0.14,-0.12,-0.46,-0.22,-0.12,"Mar 31, 2015","2,085.51"
31-03-2015,0,-0.06,-0.05,0.07,-0.04,-0.26,-0.18,"Apr 30, 2015","2,107.39"
30-04-2015,-0.16,0.1,-0.04,0.07,-0.03,-0.18,-0.08,"May 31, 2015","2,063.11"
31-05-2015,-0.11,0.05,-0.05,-0.23,-0.34,-0.14,-0.06,"Jun 30, 2015","2,103.84"
30-06-2015,-0.16,0.04,-0.05,0.05,-0.11,-0.16,-0.16,"Jul 31, 2015","1,972.18"
31-07-2015,0.2,0.16,-0.02,-0.02,0.32,-0.04,-0.08,"Aug 31, 2015","1,920.03"
31-08-2015,-0.14,-0.06,-0.05,-0.06,-0.31,-0.03,-0.16,"Sep 30, 2015","2,079.36"
30-09-2015,-0.17,-0.02,-0.04,0.11,-0.12,-0.04,-0.08,"Oct 31, 2015","2,080.41"
31-10-2015,-0.17,0.09,-0.09,-0.07,-0.24,-0.22,-0.28,"Dec 01, 2015","2,043.94"
30-11-2015,-0.26,0.03,-0.03,-0.11,-0.36,-0.24,-0.27,"Jan 01, 2016","1,940.24"
31-12-2015,-0.23,0.08,-0.02,-0.12,-0.29,-0.3,-0.33,"Feb 01, 2016","1,932.23"
31-01-2016,0.11,0.07,-0.08,-0.04,0.06,-0.2,-0.24,"Mar 01, 2016","2,059.74"
29-02-2016,-0.2,-0.06,0.04,0.02,-0.21,-0.15,-0.18,"Mar 31, 2016","2,065.30"
31-03-2016,-0.22,0.02,-0.13,-0.01,-0.35,-0.17,-0.23,"Apr 30, 2016","2,096.95"
30-04-2016,-0.02,-0.03,-0.05,-0.01,-0.12,-0.23,-0.3,"May 31, 2016","2,098.86"
31-05-2016,-0.12,0,-0.05,-0.15,-0.32,-0.26,-0.44,"Jun 30, 2016","2,173.60"
30-06-2016,0.07,0.02,-0.01,0.02,0.11,-0.11,-0.22,"Jul 31, 2016","2,170.95"
31-07-2016,0,0.13,-0.04,-0.04,0.05,-0.06,-0.11,"Aug 31, 2016","2,168.27"
31-08-2016,-0.14,-0.08,-0.05,0.08,-0.2,-0.01,-0.07,"Sep 30, 2016","2,126.15"
30-09-2016,-0.05,0.02,-0.06,-0.03,-0.11,-0.09,-0.18,"Oct 31, 2016","2,198.81"
31-10-2016,-0.04,0.01,-0.04,0.05,-0.03,-0.11,-0.28,"Dec 01, 2016","2,238.83"
30-11-2016,-0.15,0.07,-0.07,-0.07,-0.22,-0.12,-0.25,"Jan 01, 2017","2,278.87"
31-12-2016,0.1,0.04,0.03,0.17,0.34,0.03,-0.09,"Feb 01, 2017","2,363.64"
31-01-2017,-0.07,-0.02,-0.06,0.03,-0.11,0,-0.02,"Mar 01, 2017","2,362.72"
28-02-2017,-0.11,0.1,-0.05,-0.01,-0.07,0.05,0.06,"Mar 31, 2017","2,384.20"
31-03-2017,0.07,0.07,-0.05,-0.06,0.04,-0.05,-0.06,"Apr 30, 2017","2,411.80"
30-04-2017,0.34,0.1,-0.05,-0.09,0.31,0.09,0.04,"May 31, 2017","2,423.41"
31-05-2017,0,0,-0.07,0.07,0.01,0.12,0.07,"Jun 30, 2017","2,470.30"
30-06-2017,-0.02,0.13,0,0.04,0.15,0.15,0.14,"Jul 31, 2017","2,471.65"
31-07-2017,-0.11,0.01,-0.04,-0.01,-0.15,0,-0.05,"Aug 31, 2017","2,519.36"
31-08-2017,-0.14,0.07,-0.07,0.14,0,0,-0.07,"Sep 30, 2017","2,575.26"
30-09-2017,0,0.08,0.02,0.07,0.16,0,-0.07,"Oct 31, 2017","2,647.58"
31-10-2017,0.41,0.04,-0.03,0.12,0.53,0.23,0.2,"Dec 01, 2017","2,673.61"
30-11-2017,0.02,0.04,0.01,0.11,0.18,0.29,0.31,"Jan 01, 2018","2,823.81"
31-12-2017,0,0.05,0.01,0.13,0.18,0.3,0.27,"Feb 01, 2018","2,713.83"
31-01-2018,-0.05,0.09,-0.1,-0.2,-0.27,0.03,0.04,"Mar 01, 2018","2,640.87"
28-02-2018,0.2,0.2,-0.03,0.11,0.49,0.13,0.13,"Mar 31, 2018","2,648.05"
31-03-2018,0.09,0.09,-0.02,0,0.15,0.12,0.14,"Apr 30, 2018","2,705.27"
30-04-2018,0.35,0.09,-0.04,-0.02,0.39,0.34,0.28,"May 31, 2018","2,718.37"
31-05-2018,-0.41,0.12,0.02,0.08,-0.19,0.12,0.15,"Jun 30, 2018","2,816.29"
30-06-2018,0.24,0.07,-0.06,-0.01,0.23,0.14,0.16,"Jul 31, 2018","2,901.52"
31-07-2018,0.02,0.07,-0.01,-0.01,0.06,0.03,0.1,"Aug 31, 2018","2,913.98"
31-08-2018,0.17,0.02,-0.03,0.12,0.28,0.19,0.19,"Sep 30, 2018","2,711.74"
30-09-2018,-0.04,0.06,-0.07,0.02,-0.03,0.1,0.09,"Oct 31, 2018","2,760.17"
31-10-2018,-0.1,0.02,-0.01,-0.1,-0.18,0.02,-0.05,"Dec 01, 2018","2,506.85"
30-11-2018,-0.13,0.05,0,-0.04,-0.12,-0.11,-0.26,"Jan 01, 2019","2,704.10"
31-12-2018,-0.02,-0.01,-0.18,0.03,-0.18,-0.16,-0.25,"Feb 01, 2019","2,784.49"
31-01-2019,-0.29,0.07,-0.02,-0.04,-0.28,-0.19,-0.2,"Mar 01, 2019","2,834.40"
28-02-2019,-0.16,-0.07,-0.08,0,-0.31,-0.25,-0.22,"Mar 31, 2019","2,945.83"
31-03-2019,-0.04,0.04,0,-0.07,-0.06,-0.22,-0.21,"Apr 30, 2019","2,752.06"
30-04-2019,-0.3,0.07,-0.06,-0.23,-0.52,-0.3,-0.26,"May 31, 2019","2,941.76"
31-05-2019,0,0,-0.01,0.02,0,-0.19,-0.13,"Jun 30, 2019","2,980.38"
30-06-2019,0.01,0.03,-0.02,0.06,0.07,-0.15,-0.08,"Jul 31, 2019","2,926.46"
31-07-2019,-0.23,-0.03,0,-0.07,-0.33,-0.09,-0.08,"Aug 31, 2019","2,976.74"
31-08-2019,0.15,-0.02,0,-0.01,0.13,-0.04,-0.04,"Sep 30, 2019","3,037.56"
30-09-2019,-0.28,0,-0.06,-0.07,-0.41,-0.21,-0.23,"Oct 31, 2019","3,140.98"
31-10-2019,-0.33,-0.07,-0.03,-0.23,-0.65,-0.31,-0.35,"Dec 01, 2019","3,230.78"
30-11-2019,0.13,-0.01,0.01,-0.04,0.09,-0.32,-0.36,"Jan 01, 2020","3,225.52"
31-12-2019,-0.2,-0.07,0.03,-0.13,-0.37,-0.31,-0.34,"Feb 01, 2020","2,954.22"
31-01-2020,-0.11,0.06,-0.03,-0.07,-0.15,-0.14,-0.16,"Mar 01, 2020","2,584.59"
29-02-2020,0.08,0.05,0.02,0.09,0.24,-0.1,-0.1,"Mar 31, 2020","2,912.43"
31-03-2020,-1.64,-1.15,-0.67,-0.79,-4.25,-1.39,-0.25,"Apr 30, 2020","3,044.31"
30-04-2020,-5.58,-8.71,-1.33,-2.36,-17.99,-7.34,-0.5,"May 31, 2020","3,100.29"
31-05-2020,1.01,1.81,1,0.8,4.62,-5.87,-0.39,"Jun 30, 2020","3,271.12"
30-06-2020,2.31,1.91,0.5,1.42,6.14,-2.41,0.18,"Jul 31, 2020","3,500.31"
31-07-2020,1.27,0.57,0.14,0.54,2.53,4.43,0.78,"Aug 31, 2020","3,363.00"
31-08-2020,0.41,0.73,-0.01,0.08,1.21,3.29,0.77,"Sep 30, 2020","3,269.96"
30-09-2020,-0.04,0.33,0.13,0.04,0.45,1.4,0.64,"Oct 31, 2020","3,621.63"
31-10-2020,0.34,0.44,-0.01,0.14,0.91,0.86,0.61,"Dec 01, 2020","3,756.07"
30-11-2020,0.08,0.13,-0.06,0,0.15,0.5,0.44,"Jan 01, 2021","3,714.24"
31-12-2020,0.28,0.06,-0.03,0.12,0.44,0.5,0.42,"Feb 01, 2021","3,811.15"
31-01-2021,0.45,0.13,0.29,0.29,1.16,0.58,0.38,"Mar 01, 2021","3,972.89"
28-02-2021,-1.17,0.22,-0.17,-0.42,-1.54,0.02,0.25,"Mar 31, 2021","4,181.17"
31-03-2021,1.03,0.32,0.62,0.24,2.21,0.61,0.39,"Apr 30, 2021","4,204.11"
30-04-2021,-0.05,0.09,-0.04,-0.08,-0.07,0.2,0.15,"May 31, 2021","4,297.50"
31-05-2021,0.27,0.12,-0.08,-0.15,0.16,0.77,0.36,"Jun 30, 2021","4,395.26"
30-06-2021,0.01,0.07,0.02,0.11,0.21,0.1,0.15,"Jul 31, 2021","4,522.68"
31-07-2021,0.3,0.37,-0.09,0.15,0.74,0.37,0.39,"Aug 31, 2021","4,307.54"
31-08-2021,-0.07,0.13,0.02,-0.05,0.04,0.33,0.26,"Sep 30, 2021","4,605.38"
30-09-2021,-0.31,0.18,0.04,0.05,-0.04,0.25,0.24,"Oct 31, 2021","4,567.00"
31-10-2021,0.48,0.26,0.06,0.05,0.85,0.28,0.25,"Dec 01, 2021","4,766.18"
30-11-2021,0.19,0.28,-0.01,0.05,0.51,0.44,0.46,"Jan 01, 2022","4,515.55"
31-12-2021,-0.09,0.24,-0.1,0.04,0.09,0.48,0.44,"Feb 01, 2022","4,373.94"
31-01-2022,0.02,0.12,0.13,0.2,0.48,0.36,0.29,"Mar 01, 2022","4,530.41"
28-02-2022,0.32,0.32,0.01,-0.16,0.5,0.35,0.24,"Mar 31, 2022","4,131.93"
31-03-2022,0.13,0.18,0.02,-0.14,0.19,0.39,0.34,"Apr 30, 2022","4,132.15"
30-04-2022,0.18,0.07,0.06,-0.1,0.21,0.3,0.3,"May 31, 2022","3,785.38"
31-05-2022,-0.19,0.06,-0.03,-0.09,-0.25,0.05,0.08,"Jun 30, 2022","4,130.29"
30-06-2022,-0.29,0,0,-0.06,-0.34,-0.13,-0.13,"Jul 31, 2022","3,955.00"
31-07-2022,0.11,0.11,-0.02,0.05,0.24,-0.12,-0.02,"Aug 31, 2022","3,585.62"
31-08-2022,-0.04,-0.04,0.05,0.21,0.18,0.03,0.14,"Sep 30, 2022","3,871.98"
30-09-2022,0,0.08,0,-0.01,0.07,0.17,0.31,"Oct 31, 2022","4,080.11"
31-10-2022,-0.01,-0.02,0.04,0,0,0.09,0.19,"Dec 01, 2022","3,839.50"
30-11-2022,-0.35,-0.03,-0.05,-0.07,-0.51,-0.14,0,"Jan 01, 2023","4,076.60"
31-12-2022,-0.43,0.02,-0.07,-0.01,-0.49,-0.33,-0.13,"Feb 01, 2023","4,079.09"
,,,,,,,,,
